,LOCATION_GU,PLACE_ID,PLACE_NAME,BIKE_HOLDER_COUNT,LATITUDE,LONGTITUDE
0,강남구,2315, 봉은사역 번출구 옆,10,37.514247999999995,127.06111899999999
1,강남구,2365, K+ 타워 앞,15,37.5233,127.038475
2,강남구,2313, 금원빌딩 앞,10,37.525116,127.052467
3,강남구,2347, 두산건설 본사,15,37.518639,127.0354
4,강남구,2362, 신사동 가로수길 입구,10,37.517635,127.022453
5,강남구,2308, 압구정파출소 앞,14,37.529301000000004,127.035599
6,강남구,2349, 역삼빌딩 앞(하나은행 옆),10,37.501545,127.03856699999999
7,강남구,2341, 일원역 ~번 출구 사이,10,37.483311,127.084938
8,강남구,2305, MCM 본사 직영점 앞,10,37.520641,127.034508
9,강남구,2360, 도곡동 주민센터 교차로,15,37.492809,127.041389
10,강남구,2388, 강남구 도시관리공단,10,37.516785,127.05161299999999
11,강남구,2302, 교보타워 버스정류장(신논현역 번출구 후면),10,37.505581,127.024277
12,강남구,2385, 학동역,10,37.51395,127.030151
13,강남구,2354, 청담역 번출구,5,37.519787,127.05676299999999
14,강남구,2334, 삼호@ 동 ( 간선도로),15,37.493759000000004,127.045898
15,강남구,2408, 강남한양수자인아파트,14,37.477340999999996,127.113274
16,강남구,2309, 청담역(우리들병원 앞),10,37.518902000000004,127.04938500000002
17,강남구,2331, 동영문화센터앞,20,37.498051000000004,127.044601
18,강남구,2405, 청담공원앞 교차로,20,37.518710999999996,127.05085
19,강남구,2328, 르네상스 호텔 사거리 역삼지하보도 번출구 앞,10,37.503586,127.04264099999999
20,강남구,2401, 밀알학교 입구 (삼성서울병원 입구),15,37.486561,127.082672
21,강남구,2343, 세곡사거리 대왕파출소 앞,10,37.465317,127.107727
22,강남구,2326, 대치동 삼성로,10,37.502396000000005,127.0588
23,강남구,2323, 주식회사 오뚜기 정문 앞,10,37.502213,127.06720700000001
24,강남구,2375, 수서역 번출구 앞,10,37.48735,127.100998
25,강남구,2395, 개포단지아파트 입구 (보도육교),10,37.47929,127.055733
26,강남구,2320, 도곡역 대치지구대 방향,10,37.491928,127.056969
27,강남구,2371, 한국우편사업진흥원,10,37.514748,127.035133
28,강남구,2392, 구룡산 입구 (구룡산 서울둘레길 입구),15,37.474579,127.05545
29,강남구,2381, 언주역 번출구앞,8,37.506367,127.034523
30,강남구,2357, 르네상스호텔사거리 역삼지하보도 번출구 앞 (더 오번 빌딩 명동칼국수 앞),15,37.501948999999996,127.04276999999999
31,강남구,2369, KT선릉타워,20,37.505428,127.052872
32,강남구,2314, 청담나들목입구,10,37.521275,127.061035
33,강남구,2353, 강남구청역 번출구 뒤,10,37.516811,127.040474
34,강남구,2364, 도산대로 렉서스 앞,10,37.52124,127.031898
35,강남구,2312, 청담역 번 출구 앞,10,37.520579999999995,127.05632800000001
36,강남구,2350, 래미안그레이튼동앞,10,37.494823,127.047905
37,강남구,2361, 압구정역 교차로,10,37.526844,127.028259
38,강남구,2387, 래미안강남힐즈 사거리,10,37.472454,127.09607700000001
39,강남구,2307, 압구정 한양 차 아파트,10,37.528614000000005,127.038559
40,강남구,2359," 국립국악중,고교 정문 맞은편",10,37.475605,127.050377
41,강남구,2340, 삼호물산버스정류장() 옆,15,37.477509000000005,127.045174
42,강남구,2304, 신영 ROYAL PALACE 앞,10,37.512527,127.035835
43,강남구,2355, 삼성역 ~번 출구 사이,20,37.509121,127.06230900000001
44,강남구,2336, 강남세브란스교차로  래미안그레이튼 동 앞,10,37.494236,127.04746200000001
45,강남구,2311, 학동로 래미안 아파트 앞,10,37.517773,127.043022
46,강남구,2384, 자곡사거리,10,37.476028,127.105942
47,강남구,2333, 양재역 번출구 주변,15,37.485157,127.03407299999999
48,강남구,2407, 역삼서초삼성 세무서 앞 (역삼빌딩 앞),10,37.498470000000005,127.03011299999999
49,강남구,2337, 대모산입구역 번출구 앞,15,37.492077,127.071976
50,강남구,2330, 스타벅스 앞,10,37.492199,127.03945900000001
51,강남구,2404, 대모산입구역 번 출구 앞,10,37.49181,127.073158
52,강남구,2327, 뱅뱅사거리 랜드마크타워 앞,15,37.490551,127.03146399999999
53,강남구,2301, 현대고등학교 건너편,10,37.524071,127.02179
54,강남구,2325, 대치동 버거킹대치점,10,37.49865,127.05931899999999
55,강남구,2377, 수서역 번출구 뒤,10,37.486835,127.102753
56,강남구,2322, 삼성역 번 출구,15,37.508091,127.063103
57,강남구,2373, 개포동역 사거리,20,37.489277,127.065575
58,강남구,2394, 래미안강남포레스트 입구 (보도육교),10,37.479092,127.055397
59,강남구,2351, 청소년수련관(수영장)앞,15,37.483878999999995,127.089027
60,강남구,2319, 포스코거리 서측(수협 삼성동 지점),10,37.506607,127.05468
61,강남구,2383, 보금자리정원,10,37.466328000000004,127.09488700000001
62,강남구,2391, 구룡마을 입구(개포단지아파트),10,37.479328,127.064278
63,강남구,2380, 삼성동베이직하우스앞,15,37.511696,127.049347
64,강남구,2368, 도곡동 경남아파트 건너편,10,37.489342,127.041298
65,강남구,2389, 경기여자고등학교 후문 (삼성로길 입구),15,37.48616,127.06723799999999
66,강남구,2348, 포스코사거리(기업은행),20,37.507233,127.056854
67,강남구,2352, 서울본부세관(건설회관 앞),10,37.517590000000006,127.035027
68,강남구,2363, 강남 을지병원 교차로,15,37.51918,127.02746599999999
69,강남구,2310, 청담동 맥도날드 옆(위치),10,37.523613,127.040176
70,강남구,2342, 대청역 번출구  뒤,10,37.494007,127.07951399999999
71,강남구,2306, 압구정역 번 출구 옆,30,37.527122,127.02871699999999
72,강남구,2358, 구룡초사거리 (현대아파트동 앞 ),10,37.481384000000006,127.053917
73,강남구,2339, 현대아파트 정문 앞,10,37.483261,127.052299
74,강남구,2303, 논현역 번출구,15,37.511517,127.021477
75,강남구,2386, sk 동우주유소 앞,10,37.509586,127.04090900000001
76,강남구,2356, 강남구청,10,37.51807,127.047119
77,강남구,2335, 호선 매봉역 번출구앞,10,37.486767,127.046761
78,강남구,2317, 삼성도로공원,10,37.515888000000004,127.0662
79,강남구,2332, 선릉역번출구,8,37.504208,127.048965
80,강남구,2406, 논현동 광명빌딩 앞,10,37.51757,127.02364299999999
81,강남구,2329, 르네상스호텔사거리 역삼지하보도 번출구,10,37.502357,127.04319
82,강남구,2403, 공무원연금매점 교차로 (개포주공단지 입구),15,37.48872,127.07453899999999
83,강남구,2344, 리엔파크 단지 앞,10,37.465061,127.101196
84,강남구,2324, 천주교 대치 동 교회 옆,10,37.500439,127.066223
85,강남구,2376, 수서역 번출구 앞,20,37.486778,127.100517
86,강남구,2398, 더라움,10,37.508109999999995,127.039452
87,강남구,2321, 학여울역 사거리,10,37.496117,127.06944299999999
88,강남구,2372, 대치역 사거리,10,37.494499,127.063797
89,강남구,2393, 구룡사 앞 교차로 (보도육교),10,37.472,127.05133799999999
90,강남구,2318, 삼성중앙역번출구(문화센터더 리빌),15,37.513577000000005,127.055031
91,강남구,2382, 역삼동 sk뷰 동앞,11,37.501343,127.050468
92,강남구,2370, 한티역 번출구,20,37.496552,127.054298
93,강남구,2390, 구룡마을 입구 (래미안블레스티지 아파트),10,37.479568,127.064774
94,강동구,1017, 맥도날드(길동),20,37.535472999999996,127.145172
95,강동구,1054, 말우물 어린이 공원,10,37.560009,127.169579
96,강동구,1059, 레미안 강동팰리스(동),15,37.538181,127.131752
97,강동구,1013, 강동구청역 번 출입구,15,37.530772999999996,127.120926
98,강동구,1049, 강일동 단지 아파트,10,37.56118,127.18026699999999
99,강동구,1062, 고덕숲 아이파크 ,15,37.551079,127.162621
100,강동구,1010, 강동세무서,20,37.534481,127.13834399999999
101,강동구,1040, 강일동 에너지 마루,10,37.5672,127.16346000000001
102,강동구,1047, 건강보험 강동지사kt,10,37.536381,127.137253
103,강동구,1007,암사동 선사유적지,16,37.559063,127.130646
104,강동구,1037, 강일 단지,10,37.562588,127.17761200000001
105,강동구,1003, 해공도서관앞,20,37.543915000000005,127.12545800000001
106,강동구,1034, 고덕동 래미안 힐스테이트,15,37.561909,127.150749
107,강동구,1032, 선사고등학교,20,37.556728,127.13620800000001
108,강동구,1029, 롯데 시네마,10,37.536541,127.12539699999999
109,강동구,1026, 대명초교 입구 교차로,14,37.546631,127.15588400000001
110,강동구,1050,  둔촌역 번 출입구,15,37.526695000000004,127.135529
111,강동구,1023, 한국종합기술사옥 앞,15,37.549999,127.17468999999998
112,강동구,1018, 둔촌 주공 GS 맞은편,20,37.524681,127.135406
113,강동구,1020, 강동경찰서,15,37.528290000000005,127.126801
114,강동구,1057, 능골근린공원,15,37.55579,127.173813
115,강동구,1016, 해뜨는 주유소옆 리엔파크 동앞,10,37.559399,127.171158
116,강동구,1053, 동명근린공원 진입로 (아리수로),8,37.562538,127.164528
117,강동구,1015, 샛마을 근린공원,13,37.550079,127.14691200000001
118,강동구,1012, 서울 상운차량,15,37.536026,127.122726
119,강동구,1042, 강일 단지 사이,10,37.568562,127.177002
120,강동구,1048, 동부기업(둔촌동),10,37.531013,127.14236499999998
121,강동구,1061, 천호초교 입구 사거리(일주빌딩),10,37.546928,127.134621
122,강동구,1009, 천호역번출구(현대백화점),20,37.538658,127.124214
123,강동구,1039, 고덕초등학교,7,37.561279,127.167801
124,강동구,1006, 롯데캐슬 동앞,15,37.55492,127.142799
125,강동구,1036, 고덕동 주양쇼핑,10,37.551998,127.153297
126,강동구,1002, 해공공원(천호동),10,37.545219,127.12591599999999
127,강동구,1033, 고덕동 아남아파트,10,37.557990999999994,127.14470700000001
128,강동구,1031, 암사동 CBIS,15,37.555851000000004,127.129898
129,강동구,1028, 포레스 주상복합 빌딩,10,37.5331,127.12278
130,강동구,1025, 상일초등학교,10,37.546841,127.17251599999999
131,강동구,1022, 길동 사거리(초소앞),20,37.533764,127.13803100000001
132,강동구,1019, 다성이즈빌아파트(호원대 대각선 맞은편),10,37.526825,127.130028
133,강동구,1056, 강일리엔파크 ~단지,10,37.563332,127.179092
134,강동구,1052, 리싸이클시티,10,37.556469,127.15682199999999
135,강동구,1014, 강동구평생학습관앞,15,37.5508,127.142624
136,강동구,1044, 굽은다리역,15,37.545398999999996,127.142601
137,강동구,1058, 고덕숲 아이파크 ,12,37.553471,127.165001
138,강동구,1011, LIGA 아파트 앞,20,37.534771,127.13523899999998
139,강동구,1041, 묘곡초등학교,10,37.559196,127.153297
140,강동구,1060, 천일초교 사거리,8,37.544659,127.13263700000002
141,강동구,1008, 암사역 번출구(국민은행앞),10,37.549549,127.127151
142,강동구,1038, 강일 다솜 어린이 공원,10,37.568668,127.174797
143,강동구,1004, 삼성광나루아파트 버스정류장,10,37.553349,127.12886
144,강동구,1035, 고덕역 번출구,20,37.555015999999995,127.155273
145,강동구,1001, 광진교 남단 사거리(디지털프라자앞),15,37.541805,127.12471799999999
146,강동구,1030, 미호 플랜트 앞,15,37.527060999999996,127.12207
147,강동구,1027, 프라자 아파트 앞,20,37.535999,127.147697
148,강동구,1051, 양지시장 (용성약국앞) 입구,15,37.554829,127.137321
149,강동구,1024,  강동구청 앞,10,37.529251,127.123108
150,강동구,1021, 강일동 리슈빌 빌딩앞,15,37.564301,127.17395
151,강북구,1530, 광산사거리,10,37.643551,127.022346
152,강북구,1522, 월드전기조명인테리어(우이동),10,37.654472,127.01275600000001
153,강북구,1527, 미아역 번 출구 뒤,10,37.627334999999995,127.026054
154,강북구,1511, 번동 금호어울림아파트동앞,9,37.631122999999995,127.03603400000001
155,강북구,1509, 서울북부수도사업소,10,37.634377,127.035751
156,강북구,1516, 우이초등학교 후문 옆,10,37.638706,127.01590700000001
157,강북구,1545, 솔샘역 번 출구,10,37.62038,127.01368000000001
158,강북구,1501," 미아역 번,번 출구 사이",9,37.62608,127.026482
159,강북구,1542, 삼양사거리역,10,37.621552,127.02037
160,강북구,1543, 수유동 주민센터,10,37.630188000000004,127.017738
161,강북구,1514, 강북구청 사거리 버스정류소 앞,10,37.638805,127.02835800000001
162,강북구,1539, 민주묘지역,10,37.649673,127.013451
163,강북구,1503, 이디야 커피 수유역점 앞,12,37.639278000000004,127.026756
164,강북구,1535, 효성인텔리안 앞,10,37.636292,127.023376
165,강북구,1532, 번동 주민센터 교차로,10,37.626354,127.04744699999999
166,강북구,1529, 미아동 한국전력공사,15,37.630179999999996,127.02491
167,강북구,1513, 강북구청 뒷편,20,37.639671,127.0252
168,강북구,1526, 수유동 채선당앞,8,37.641739,127.024628
169,강북구,1510, 번동주공단지 관리사무소 앞,10,37.633717,127.03551499999999
170,강북구,1519, 세븐일레븐 수유장미원점 앞,10,37.645451,127.01561699999999
171,강북구,1515, 송천동 주민센터,10,37.618286,127.024048
172,강북구,1541, 삼양역,10,37.626529999999995,127.01805900000001
173,강북구,1506, 강북문화예술회관,20,37.640327,127.01335900000001
174,강북구,1538, 솔밭공원역,8,37.656158000000005,127.01313799999998
175,강북구,1536, 번동 두산위브 동 옆,20,37.636261,127.032173
176,강북구,1546, 송천동우체국,10,37.615459,127.029701
177,강북구,1534, 북서울 꿈의 숲 동문,20,37.619637,127.044533
178,강북구,1531, 미아사거리 번 출구,10,37.613956,127.030251
179,강북구,1528, 삼각산동 주민센터,10,37.615035999999996,127.020699
180,강북구,1512, 강북중학교 앞,20,37.644737,127.02656599999999
181,강북구,1518, SK telecom(수유직영점) 앞,10,37.643085,127.016167
182,강북구,1520, 성실교회,10,37.639862,127.02278899999999
183,강북구,1525, 미아동 복합청사,10,37.627140000000004,127.02669499999999
184,강북구,1540, 가오리역,10,37.64167,127.016884
185,강북구,1504, 다이소 삼양시장점,10,37.624157000000004,127.018623
186,강북구,1537, 북한산 우이역,10,37.663666,127.012428
187,강북구,1533," 번동 주공, 단지 교차로",10,37.629917,127.040916
188,강서구,1182, KBS 스포츠월드,20,37.556877,126.848808
189,강서구,1155, 기쁜우리복지관,10,37.56926,126.84841899999999
190,강서구,1137, 등촌동주민센터,10,37.541431,126.86322
191,강서구,1110, 공항중학교앞,10,37.562683,126.81623799999998
192,강서구,1178, 개화산역 번 출구,10,37.572472,126.806168
193,강서구,1151, 마곡역번출구,25,37.560234,126.823471
194,강서구,1146, 곰달래사거리,10,37.530338,126.83825700000001
195,강서구,1174, 강서구청사거리(부민병원),9,37.556599,126.85147099999999
196,강서구,1130, 화곡본동시장 버스정류장,7,37.542751,126.842621
197,강서구,1172, 가양동 주민센터,8,37.561249,126.86058
198,강서구,1198, LG 사이언스파크,20,37.56255,126.82743799999999
199,강서구,1126, 우장산역 번출구옆(우장산아이파크동앞),7,37.548908000000004,126.83656299999998
200,강서구,1168, 마곡엠밸리단지 앞,10,37.560226,126.819069
201,강서구,1169, 염창역 번 출구,8,37.547199,126.87448899999998
202,강서구,1195, 코오롱one&only타워,20,37.564129,126.83431200000001
203,강서구,1186, 송정중학교,10,37.554728999999995,126.816093
204,강서구,1190, 마곡역 교차로(번출구),10,37.560501,126.82665300000001
205,강서구,1119, 염창동 한마음아파트앞(염창동 빛나는 음악학원앞),6,37.554253,126.86756100000001
206,강서구,1113, 서남환경공원 버스정류장,15,37.573093,126.82289899999999
207,강서구,1109, 공항시장역 번출구,6,37.563347,126.81048600000001
208,강서구,1163, 방화동강서기동대앞,10,37.570499,126.82008400000001
209,강서구,1149, 신방화역환승주차장,13,37.567284,126.818275
210,강서구,1166, 강서구립등빛도서관,10,37.562569,126.84246100000001
211,강서구,1105, 방화근린공원,10,37.581623,126.812653
212,강서구,1160, 양천향교역 번출구앞,20,37.567679999999996,126.840897
213,강서구,1117, 스타벅스앞,10,37.558197,126.84426100000002
214,강서구,1158, 가양역 번출구,20,37.561035,126.854813
215,강서구,1140, 목동사거리 버스정류장,15,37.531399,126.86360900000001
216,강서구,1181, 농수산식품공사 (강서지사),10,37.551044,126.818497
217,강서구,1153, 발산역 번출구,10,37.55891,126.83809699999999
218,강서구,1136, 등촌파출소,10,37.544788,126.86200000000001
219,강서구,1177, 수명중?고교,10,37.55011,126.823677
220,강서구,1150, 송정역 번출구,10,37.56155,126.810478
221,강서구,1132, 등촌역 번출구,10,37.551109000000004,126.863708
222,강서구,1106, 신방화사거리,10,37.573032,126.816452
223,강서구,1173, 강서구청사거리(SH타워),15,37.556259000000004,126.85331699999999
224,강서구,1129, 화곡역 번 출구 앞,7,37.542099,126.840218
225,강서구,1171, 염창동 새마을금고 건너편 (모닝글로리),8,37.550049,126.87316100000001
226,강서구,1197, 엘펠리체 호텔 건너편,20,37.560429,126.835403
227,강서구,1124, 발산역 번출구옆(다이소앞),10,37.557968,126.83828700000001
228,강서구,1194, 센서택㈜,10,37.563301,126.836823
229,강서구,1121, 가양레포츠센터앞,15,37.559478999999996,126.86438000000001
230,강서구,1188, 롯데중앙연구소,8,37.571381,126.82833899999999
231,강서구,1118, 증미역 번출구뒤(등촌두산위브센티움오피스텔),10,37.557460999999996,126.86145800000001
232,강서구,1185, 등촌단지,10,37.562901000000004,126.84947199999999
233,강서구,1112, 마곡엠밸리단지 정문,15,37.568577000000005,126.824776
234,강서구,1108, 공항시장역 번출구,8,37.563559999999995,126.81015
235,강서구,1162, 공항초등학교건너편,10,37.562678999999996,126.82047299999999
236,강서구,1102, 방화사거리 마을버스 버스정류장,10,37.573643,126.811806
237,강서구,1159, 서서울모터리움앞,20,37.565853000000004,126.84659599999999
238,강서구,1115, 등촌역 번출구옆,10,37.551666,126.86408999999999
239,강서구,1145, 곰달래 문화복지센터 -,10,37.528919,126.848083
240,강서구,1157, 강서구청,8,37.550659,126.84976999999999
241,강서구,1139, 용문사 버스정류장,8,37.536991,126.86336499999999
242,강서구,1180, 마곡엠밸리 단지(동) 건너편,15,37.557468,126.82972
243,강서구,1152, 마곡역교차로,10,37.558665999999995,126.82661399999999
244,강서구,1135, 강서구의회,10,37.546532,126.862549
245,강서구,1148, 볏골공원,10,37.541470000000004,126.84478
246,강서구,1165, 마곡중학교 후문,20,37.568447,126.821648
247,강서구,1175, 대한항공 인력개발센터,15,37.554379,126.85753600000001
248,강서구,1131, 꿈돌이공원 앞,8,37.546444,126.845459
249,강서구,1127, 화곡역(에이스정형외과앞) 버스정류장,10,37.540981,126.83854699999999
250,강서구,1170, 강서구보건소 (삼성디지털 프라자),11,37.549178999999995,126.868797
251,강서구,1196, 서울식물원(문화센터) 건너편,15,37.568241,126.835831
252,강서구,1122, 황금내근린공원,10,37.561932,126.863869
253,강서구,1120, 대림경동아파트앞,10,37.565189000000004,126.853996
254,강서구,1114, 서남물재생센터 버스정류장,15,37.572781,126.826279
255,강서구,1184, 마곡단지,15,37.55645,126.815979
256,강서구,1111, 마곡엠밸리_단지 마곡중학교,15,37.566982,126.8218
257,강서구,1167, 마곡수명산파크단지 교차로,15,37.553467,126.825928
258,강서구,1191, 마곡역 교차로(NH농협),9,37.560241999999995,126.827164
259,강서구,1161, 강서면허시험장앞,10,37.549694,126.81966399999999
260,강서구,1125, 명덕고교입구(영종빌딩),10,37.552914,126.83657099999999
261,강서구,1101, 개화동상사마을종점 버스정류장,10,37.581612,126.798599
262,강서구,1103, 방화역 번출구앞,10,37.577221,126.81219499999999
263,강서구,1141, 곰달래 문화복지센터 -,10,37.52906,126.84848000000001
264,관악구,2103, 신림동 우방아파트,10,37.489178,126.919273
265,관악구,2171, 서울대입구역 번출구,17,37.481548,126.952003
266,관악구,2175, 신림동걷고싶은문화의거리입구,10,37.487301,126.928703
267,관악구,2178, 서울대학교 정문,15,37.46682,126.948807
268,관악구,2173, 당곡사거리,10,37.48975,126.927467
269,관악구,2140, 신림교 교차로,12,37.478428,126.93186200000001
270,관악구,2148, 낙성대역 번출구 뒤,10,37.477028000000004,126.963394
271,관악구,2129, 낙성대 과학전시관,10,37.469055,126.958145
272,관악구,2110, 조원동 미성아파트,9,37.483191999999995,126.90203100000001
273,관악구,2119, 중앙동 동진빌딩,10,37.484257,126.954697
274,관악구,2170, 조원동서울본병원,10,37.481528999999995,126.91203300000001
275,관악구,2176, 보라매공원 보도육교,15,37.488991,126.91638200000001
276,관악구,2122, 낙성대로 입구,20,37.478058000000004,126.960495
277,관악구,2160, 관악구 보건소,15,37.478626,126.95129399999999
278,관악구,2165, JK장평타워,10,37.476482,126.96536299999998
279,관악구,2108, 은천치안센터,20,37.483340999999996,126.94319899999999
280,관악구,2157, 난곡 사거리,10,37.4818,126.915237
281,관악구,2144, 난우길입구,15,37.477776,126.916756
282,관악구,2106, 난곡 새마을금고,12,37.473728,126.91840400000001
283,관악구,2102, 봉림교 교통섬,20,37.48423,126.92639199999999
284,관악구,2180, 신림동주민센터,10,37.487511,126.92778799999999
285,관악구,2177, 신대방역 번 출구,19,37.487128999999996,126.913017
286,관악구,2172, 나들목공원,20,37.469406,126.944511
287,관악구,2137, KT&G 관악지점,10,37.484901,126.936531
288,관악구,2156, 농협 관악문성지점,12,37.480721,126.909325
289,관악구,2143, 서울산업정보학교,10,37.470695,126.9422
290,관악구,2128, 관악구청교차로,12,37.479164000000004,126.952583
291,관악구,2115, 관악농협농산물백화점,15,37.479915999999996,126.90284
292,관악구,2169, 봉천역 번출구,7,37.482189,126.942131
293,관악구,2116, 에이스에이존빌딩,9,37.481705,126.950829
294,관악구,2159, 인헌초교,10,37.47509,126.95922900000001
295,관악구,2107, 도림천 신화교,25,37.475471,126.93645500000001
296,관악구,2153, 서울남부초등학교 옆,10,37.485141999999996,126.92056299999999
297,관악구,2135, 신림역 번출구,9,37.484409,126.928909
298,관악구,2105, 미성동 신림체육센터,12,37.480251,126.914604
299,관악구,2113, 관악동작견인차량보관소,10,37.484660999999996,126.9039
300,관악구,2111, 서울대입구역 번출구,10,37.480869,126.95331599999999
301,관악구,2179, 양녕로 입구,10,37.482189,126.94615900000001
302,관악구,2174, 삼성디지털프라자관악점,10,37.488564000000004,126.928482
303,관악구,2145, 은천초등학교 육교,12,37.486359,126.942924
304,관악구,2130, 영어마을 관악캠프,15,37.47197,126.95876299999999
305,관악구,2139, 서울신성초등학교,10,37.471165,126.93701899999999
306,관악구,2141, 미림여고입구 교차로,12,37.472294,126.933411
307,관악구,2184, 구암초등학교 버스정류장,10,37.489490999999994,126.945923
308,관악구,2109, 은천로입구 가로공원,15,37.486225,126.935829
309,관악구,2167, 낙성대역 번출구,12,37.476295,126.96495800000001
310,관악구,2112, 서울대입구역 마에스트로,15,37.481339,126.950645
311,관악구,2164, 관악우체국,8,37.484768,126.932877
312,관악구,2136, 신림역 번출구,10,37.484577,126.92991599999999
313,관악구,2104, 사당역 번출구,13,37.476089,126.98133100000001
314,관악구,2127, 보성운수차고지 맞은편,10,37.464886,126.91947900000001
315,광진구,3534, 건대입구역 번출구 뒤,10,37.540138,127.06928300000001
316,광진구,3520, 광진경찰서,10,37.542519,127.084084
317,광진구,3504, 원일교회,8,37.538052,127.076599
318,광진구,576, 광나루역 번 출구,10,37.54483,127.10426299999999
319,광진구,3501, 광진구청 앞,10,37.539501,127.083
320,광진구,573, 구의문주차장 앞,10,37.545231,127.084732
321,광진구,593,자양중앙나들목,5,37.528587,127.077873
322,광진구,3508, 화양사거리,10,37.548221999999996,127.067879
323,광진구,3523, 건국대학교 과학관(이과대) 앞,10,37.541717999999996,127.08017
324,광진구,555, 구의동주민센터,10,37.537849,127.092171
325,광진구,505, 자양사거리 광진아크로텔 앞,10,37.537009999999995,127.082245
326,광진구,546, 잠실대교북단 교차로,8,37.532478000000005,127.08509099999999
327,광진구,552, 대림아크로리버 앞,10,37.536578999999996,127.092972
328,광진구,542, 강변역 번출구 뒤,19,37.535465,127.09448200000001
329,광진구,3529, 어린이대공원정문,15,37.549789000000004,127.075928
330,광진구,590, 건국대학교 (입학정보관),10,37.53989,127.07336399999998
331,광진구,500, 어린이대공원역 번출구 앞,10,37.54707,127.074272
332,광진구,3536, 중앙농협(자양동),10,37.531811,127.08074199999999
333,광진구,3533, 건대입구역 사거리(롯데백화점),10,37.539139,127.070618
334,광진구,502, 뚝섬유원지역 번출구 앞,27,37.531859999999995,127.06719199999999
335,광진구,3503, 광진유진스웰,20,37.550488,127.10895500000001
336,광진구,515, 광양중학교 앞,10,37.530235,127.08683
337,광진구,575, 중앙농협 중곡지점,10,37.564293,127.086937
338,광진구,3500, 군자역번출구,10,37.557587,127.079697
339,광진구,572, 국립정신 건강센터 앞,20,37.56538,127.08651
340,광진구,549, 아차산역 번출구,10,37.551224,127.089706
341,광진구,501, 광진구의회 앞,15,37.537308,127.070351
342,광진구,3507, 어린이회관,25,37.545952,127.07800300000001
343,광진구,3524, 세종대학교,15,37.550236,127.07382199999999
344,광진구,544, 광남중학교,20,37.540729999999996,127.102905
345,광진구,584, 광진광장 교통섬,20,37.547829,127.07263200000001
346,광진구,551, 구의삼성쉐르빌 앞,10,37.540062,127.094498
347,광진구,540, 군자역 번출구 베스트샵 앞,8,37.55603,127.078644
348,광진구,592, 건국대학교 학생회관,15,37.541911999999996,127.07763700000001
349,광진구,3528, 광진정보도서관,8,37.550598,127.11051200000001
350,광진구,504, 신자초교입구교차로,5,37.53297,127.07593500000002
351,광진구,3535, 중곡사거리(국민은행),10,37.559158000000004,127.08751699999999
352,광진구,3521, 현대홈타운 뒷길,10,37.543427,127.09661899999999
353,광진구,516, 광진메디칼 앞,10,37.548404999999995,127.06936599999999
354,광진구,503, 더샵스타시티 C동 앞,15,37.536667,127.07359299999999
355,광진구,3516, 구의아리수정수센터앞,10,37.543704999999996,127.093246
356,광진구,3505, 신양초교앞 교차로,12,37.535221,127.068398
357,광진구,577, 광진청소년수련관,10,37.546547,127.10613300000001
358,광진구,3502, 중곡역 번출구,15,37.565659000000004,127.08429699999999
359,광진구,574, 아차산역번출구,20,37.551849,127.088982
360,광진구,3509, 세종사이버대학교,20,37.553416999999996,127.073196
361,광진구,571, 어린이대공원역번출구,20,37.548496,127.07476000000001
362,광진구,548, 자양나들목,20,37.52977,127.07486000000002
363,광진구,3517, 용마사거리,10,37.562527,127.082275
364,광진구,3506, 영동대교 북단,10,37.537014,127.06109599999999
365,광진구,3510, 중곡SK아파트앞,10,37.568649,127.08625
366,광진구,553, 중곡 성원APT 앞,10,37.571255,127.079803
367,광진구,543, 구의공원(테크노마트 앞),20,37.535969,127.094673
368,광진구,539, 군자교교차로,10,37.559795,127.074203
369,광진구,591, 건국대학교 (행정관),5,37.542778000000006,127.07537099999999
370,광진구,3537, 아차산 휴먼시아 아파트 옆,15,37.548489000000004,127.09375800000001
371,구로구,1912, 한신휴아파트 앞,10,37.4888,126.89066299999999
372,구로구,1981, 천왕이펜하우스단지 앞,10,37.479431,126.842697
373,구로구,1908, 해원리바파크 육교 밑,10,37.495284999999996,126.87216200000002
374,구로구,1977, 천왕역 번 출입구 앞,15,37.48621,126.838821
375,구로구,1984, 구로구청,10,37.495266,126.888474
376,구로구,1904, 도림천역 번 출구 앞,10,37.51424,126.882874
377,구로구,1974, 신도림차e편한세상아파트 동 앞,10,37.505179999999996,126.88253799999998
378,구로구,1969, 궁동생태공원,10,37.501903999999996,126.82896399999998
379,구로구,1967, 참새공원(백곡경노당),10,37.505138,126.84433700000001
380,구로구,1964, 원메디타운 앞,10,37.497890000000005,126.864502
381,구로구,1960, 화광신문사 앞,10,37.50285,126.889481
382,구로구,1953, 천왕역 번출구 뒤,20,37.486385,126.839211
383,구로구,1930, 개봉지구대 개봉치안센터,7,37.497684,126.853729
384,구로구,1991, 오류동역 맞은편,10,37.496761,126.84496299999999
385,구로구,1946, 구로역 광장,10,37.503116999999996,126.88038600000002
386,구로구,1924, 삼부르네상스파크빌,10,37.478741,126.895096
387,구로구,1986, 태평양물산빌딩,15,37.484859,126.895187
388,구로구,1913, 구로리공원,10,37.491032000000004,126.892151
389,구로구,1911, 구로디지털단지역 앞,10,37.48494,126.901321
390,구로구,1979, 구로동우체국 앞,10,37.492031,126.873772
391,구로구,1907, 구일우성(아) 육교 밑,12,37.489632,126.876259
392,구로구,1976, 남구로역 번 출입구 앞,10,37.48568,126.886703
393,구로구,1983, 구로동롯데아파트,10,37.502548,126.883881
394,구로구,1901, 신도림동주민센터 앞,10,37.507332,126.87973000000001
395,구로구,1973, 오리로와 서해안도로 교차로 앞,10,37.488597999999996,126.83649399999999
396,구로구,1968, 동인오피스텔 건너편 소공원,12,37.498482,126.847504
397,구로구,1925, 동양미래대학교 정문 옆,20,37.499889,126.867699
398,구로구,1966, 한마을아파트 정문상가,10,37.496497999999995,126.863098
399,구로구,1962, 가리봉동주민센터,15,37.481602,126.892799
400,구로구,1959, 구로구의회 앞,10,37.496456,126.889587
401,구로구,1957, 구일고등학교 정문 ,15,37.493401,126.874329
402,구로구,1937, 한진아파트 입구,15,37.486061,126.85201299999999
403,구로구,1994, 삼성전자 물류센터 앞,10,37.496998,126.87178
404,구로구,1952, 천왕연지타운단지 앞,15,37.482105,126.845726
405,구로구,1929, 고척근린공원 고척도서관 앞,10,37.505134999999996,126.85276
406,구로구,1988, 고척LIGA아파트 앞,20,37.50605,126.860786
407,구로구,1943, 온수역 북측,10,37.49279,126.824524
408,구로구,1920, 서울미래초등학교 사거리,10,37.504379,126.88829799999999
409,구로구,1910, 낙원교회 맞은편,5,37.497505,126.884377
410,구로구,1985, 구로도서관,20,37.498515999999995,126.89199099999999
411,구로구,1906, 신도림역 번 출구 앞,20,37.50972,126.89009899999999
412,구로구,1975, 대림역 번 출입구 밑,10,37.49258,126.894737
413,구로구,1971, 오정초교 앞 보도육교,10,37.490722999999996,126.826393
414,구로구,1931, 개봉역(북측광장),10,37.494995,126.858253
415,구로구,1914, 대림역번출구,10,37.494591,126.89392099999999
416,구로구,1965, 삼환로즈빌아파트 동 옆,15,37.497231,126.859192
417,구로구,1961, 신도림테크노근린공원,15,37.508194,126.891304
418,구로구,1958, 강서수도사업소민원센터,10,37.495781,126.890121
419,구로구,1956, 도야미리숯불갈비 앞,10,37.51001,126.88205
420,구로구,1933, 개봉푸르지오아파트 상가,10,37.501583000000004,126.84687
421,구로구,1993, 금강수목원아파트 앞,10,37.48938,126.834198
422,구로구,1951, 천왕이펜하우스 단지 상가 앞,20,37.480289,126.8395
423,구로구,1928, 고척스카이돔구장 광장,10,37.49947,126.868401
424,구로구,1955, 디지털입구 교차로,10,37.482883,126.90103899999998
425,구로구,1987, 개봉아이파크아파트 앞,15,37.490341,126.86093100000001
426,구로구,1936, 개봉역 번 출구 자전거보관서쪽,10,37.494282,126.85921499999999
427,구로구,1916, 구로중학교앞,10,37.494141,126.88998400000001
428,금천구,1829, 홈플러스 금천점 앞,10,37.469139,126.89720200000001
429,금천구,1840, 솔브레인이엔지 뒤편,20,37.475101,126.88806899999999
430,금천구,1850, 코오롱테크노밸리,10,37.48016,126.88636799999999
431,금천구,1824, 독산근린공원 입구,15,37.46455,126.883728
432,금천구,1816, 금천폭포공원 앞,20,37.446861,126.90383100000001
433,금천구,1827, 독산보도육교 앞 자전거 보관소,20,37.455849,126.893143
434,금천구,1809, LG전자 별관동(호서대 벤처타워 맞은편),10,37.470779,126.88515500000001
435,금천구,1805, 서울디지털운동장 앞,10,37.482288,126.877769
436,금천구,1855, 성지아파트 옆 도로변,10,37.451321,126.897621
437,금천구,1834, 월드메르디앙 벤처센터 차,15,37.479084,126.879044
438,금천구,1846, 롯데캐슬골드파크차 동문,15,37.460171,126.896042
439,금천구,1831, 메이퀸웨딩컨벤션 앞,10,37.4725,126.897957
440,금천구,1842, 한울중학교,15,37.462574,126.90686000000001
441,금천구,1826, 한신코아 앞,20,37.456841,126.88834399999999
442,금천구,1839, 수출의 다리 아래,20,37.477058,126.885185
443,금천구,1849, 대륭포스트타워차,10,37.481353999999996,126.88694
444,금천구,1823, 상신정비공업 앞,20,37.458912,126.89858999999998
445,금천구,1821, 홈플러스 시흥점 맞은편 다비치안경 앞,10,37.451458,126.902115
446,금천구,1814, 두산위브아파트 옆 상가건물 앞,8,37.47422,126.894127
447,금천구,1808, 에이스하이엔드타워차 앞,20,37.473209000000004,126.884941
448,금천구,1857, 주공단지,15,37.46056,126.887093
449,금천구,1854, 가산아네스트 오피스텔 앞,10,37.47818,126.89740800000001
450,금천구,1819, 금천구청 앞 자전거거치대,10,37.456478000000004,126.895927
451,금천구,1848, 벽산 디지털밸리 차,10,37.476276,126.885391
452,금천구,1845, 롯데캐슬골드파크차 서문,15,37.460289,126.89218899999999
453,금천구,1830, 빅마켓 금천점 앞,15,37.47023,126.895073
454,금천구,1841, 가산동 주민센터,10,37.476952000000004,126.891869
455,금천구,1825, 한신아파트 앞 육교 아래,10,37.4547,126.891052
456,금천구,1822, 서울 시흥동우체국 앞,10,37.452991,126.90090900000001
457,금천구,1820, 신한은행 시흥대로금융센터지점,10,37.44334,126.90335800000001
458,금천구,1836, 금천구립 독산도서관,7,37.467403000000004,126.908142
459,금천구,1851, 가산디지털단지 번출구,10,37.481232,126.88148500000001
460,금천구,1812, 갑을그레이트밸리 앞,10,37.479031,126.887299
461,금천구,1858, 석수역번출구 앞 (SK주유소),10,37.437271,126.90268700000001
462,금천구,1806, 에이스하이엔드타워차 앞,10,37.486214000000004,126.87863899999999
463,금천구,1804, 독산역 번출구 자전거주차장,10,37.46653,126.888718
464,금천구,1856, 모두의학교,10,37.478409,126.907372
465,금천구,1853, 서울디자인직업전문학교 앞,10,37.472481,126.895866
466,금천구,1835, STX V타워,10,37.47707,126.88443000000001
467,금천구,1847, 독산주공 단지 버스정류소,10,37.461033,126.8871
468,금천구,1833, 독산역 번출구 앞 자전거보관소,10,37.466541,126.89028200000001
469,금천구,1843, 독산고등학교,10,37.477097,126.911133
470,노원구,1628, 노일초등학교 앞,10,37.673618,127.055252
471,노원구,1611, 과기대 입구(우),20,37.629940000000005,127.076553
472,노원구,1642, 서울여대 남문,7,37.625434999999996,127.088493
473,노원구,1603, 롯데캐슬 동 코너(월계주유소건너),10,37.624859,127.05013999999998
474,노원구,1686, 온수골사거리(스타벅스앞),10,37.66114,127.058052
475,노원구,1660, 서울시립과학관,8,37.642071,127.076622
476,노원구,1683, 노원문화예술회관,10,37.650459000000005,127.080887
477,노원구,1656, 중앙하이츠 아파트 입구,10,37.654999,127.06743600000001
478,노원구,1680, 삼육대 제과학관,10,37.642654,127.108383
479,노원구,1602, 광운대역 앞,15,37.622662,127.061897
480,노원구,1653, 노원역번출구,10,37.6562,127.063622
481,노원구,1682, 중계종합사회복지관 교차로,13,37.656799,127.077606
482,노원구,1651, 맥도날드 상계점 앞,20,37.672375,127.05599199999999
483,노원구,1689, 마들역 번출구,10,37.665248999999996,127.057892
484,노원구,1643, 태릉입구역 번출구,10,37.617367,127.07521100000001
485,노원구,1670, 노원경찰서교차로,15,37.643409999999996,127.07183799999999
486,노원구,1637, KT 노원점 건물 앞,15,37.654701,127.0634
487,노원구,1675, 월계문화체육센터,14,37.626942,127.05513
488,노원구,1667, 중계중학교,10,37.654499,127.07438700000002
489,노원구,1635, 상계동 주민센터 대여소,11,37.672709999999995,127.08316
490,노원구,1664, 노해근린공원내,10,37.649361,127.07044199999999
491,노원구,1617, 하계동 중평어린이공원 앞,20,37.63715,127.063271
492,노원구,1662, 노원역번출구,15,37.654114,127.059151
493,노원구,1620, 중계동 노원구민체육센터 옆(중-),10,37.648209,127.07022099999999
494,노원구,1619, 중계동 하나프라자빌딩 앞(중-),10,37.649021000000005,127.076408
495,노원구,1610, 화랑대역 번출구 앞,20,37.620369000000004,127.08364099999999
496,노원구,1601, 석계역 문화광장 내 자전거 보관소,20,37.615299,127.06446799999999
497,노원구,1685, 불암고등학교 앞 횡단보도,8,37.64819,127.080482
498,노원구,1659, 중계동 을지중학교,10,37.65033,127.071602
499,노원구,1627, 수락산역 번출구,14,37.676941,127.055099
500,노원구,1655, 공릉단지아파트,15,37.631111,127.07016000000002
501,노원구,1679, 삼육대 도서관,15,37.64283,127.10666699999999
502,노원구,1652, 파르코 앞,10,37.68,127.05558
503,노원구,1681, 현대차 아파트,12,37.645802,127.08226
504,노원구,1674, 서울북부고용센터앞,15,37.653549,127.05808300000001
505,노원구,1691, 노원정보도서관,10,37.660709000000004,127.065331
506,노원구,1650, 중계근린공원내,20,37.63958,127.065102
507,노원구,1672, 상계동수락리버시티,15,37.688598999999996,127.05340600000001
508,노원구,1688, 마들역 번출구,9,37.665661,127.05729699999999
509,노원구,1669, 중계역 번출구,9,37.643528,127.065224
510,노원구,1636, 백병원 사거리 농협은행 앞,10,37.649212,127.06176799999999
511,노원구,1640, 한내근린공원 북측,10,37.623863,127.06848899999999
512,노원구,1666, 노원소방서인근,10,37.655781,127.071777
513,노원구,1634, 당고개공원 대여소,15,37.669078999999996,127.077591
514,노원구,1663, 동해문화예술관앞,20,37.619381,127.057854
515,노원구,1630, 수연빌딩 앞,10,37.67625,127.055504
516,노원구,1616, 하계동 공항버스정류장 옆,10,37.635109,127.068329
517,노원구,1661, 당현천근린공원,10,37.649639,127.065605
518,노원구,1605, 헬스케어,10,37.631622,127.06161499999999
519,노원구,1608, 공릉역 번 출구 앞,10,37.626614000000004,127.072754
520,노원구,1606, 태릉입구역 번출구 ,10,37.619171,127.074928
521,노원구,1684, 태릉입구역 번출구,20,37.618320000000004,127.07563
522,노원구,1657, 노원구청 ,10,37.654049,127.057327
523,노원구,1625, 상계역(번출구),20,37.66,127.07296799999999
524,노원구,1654, 당고개입구 오거리,15,37.663792,127.075447
525,노원구,1678, 성서대학교 밀알관,15,37.648438,127.06444499999999
526,노원구,1673, 노원역?번출구,10,37.653976,127.060974
527,노원구,1690, 도봉운전면허시험장,10,37.65773,127.05931100000001
528,노원구,1646, 삼육대 입구,20,37.638489,127.10790300000001
529,노원구,1671, 인덕대학교,15,37.629349,127.054825
530,노원구,1639, 희성오피앙,10,37.680313,127.05506899999999
531,노원구,1677, 육군사관학교  앞,10,37.623165,127.0905
532,노원구,1668, 중계역 번출구,10,37.645508,127.063255
533,노원구,1641, 한내근린공원 남측,15,37.621555,127.069511
534,노원구,1665, 양지근린공원앞,10,37.647335,127.076424
535,노원구,1623, 노원 구민회관,20,37.638649,127.06629199999999
536,도봉구,1721, 창동역 번출구 ,12,37.653015,127.04699699999999
537,도봉구,1717, 시립창동운동장 입구,15,37.655708000000004,127.050102
538,도봉구,1714, 도봉문화정보도서관 삼거리,10,37.64463,127.04460900000001
539,도봉구,1703, 도봉산광역환승센터앞 ,15,37.68972,127.045197
540,도봉구,1706, 기업은행 앞,10,37.665665000000004,127.042671
541,도봉구,1726, 삼익세라믹아파트교차로,8,37.658588,127.03521
542,도봉구,1735," 도봉역 ,번 출구사이 건너편",13,37.679119,127.044983
543,도봉구,1722, 창동청소년수련관,15,37.657799,127.050049
544,도봉구,1732, 우리은행 앞,10,37.667598999999996,127.042999
545,도봉구,1712, 창동역공영주차장앞,15,37.654049,127.050201
546,도봉구,1705, 도봉구청 정문앞,8,37.669224,127.046516
547,도봉구,1720, 도봉구청 옆(중랑천변),27,37.668671,127.04798100000001
548,도봉구,1716, 하나로마트 창동점,10,37.654202000000005,127.050728
549,도봉구,1737, 하나은행 (창동점),8,37.639702,127.03883400000001
550,도봉구,1725, 창동주민센터,10,37.647503,127.04331200000001
551,도봉구,1734, 쌍문현대차아파트 동 앞,10,37.65815,127.032669
552,도봉구,1730, 도봉산역 교차로 앞,10,37.687591999999995,127.045502
553,도봉구,1709, 쌍문역번출구 주변,15,37.650127000000005,127.035347
554,도봉구,1702, 녹천역 번출구 앞,10,37.646172,127.05056
555,도봉구,1719, 신도봉사거리 버스정류장,10,37.673283000000005,127.04399099999999
556,도봉구,1715, 서울특별시교육청도봉도서관,20,37.653178999999994,127.01278700000002
557,도봉구,1713, 쌍문동 청소년 랜드,10,37.647265999999995,127.025879
558,도봉구,1728, 서울북부지방법원,15,37.677665999999995,127.04624199999999
559,도봉구,1708, 보건소사거리(다비치안경창동점),8,37.65683,127.03984799999999
560,도봉구,1727, 서울도봉초등학교인근,15,37.678677,127.040764
561,도봉구,1736, 버스정류장 앞,12,37.652241,127.03706399999999
562,도봉구,1723, 방학동학마을도서관,10,37.662079,127.027718
563,도봉구,1733, 방학사거리 (봄마당 앞),12,37.662979,127.04193899999999
564,도봉구,1729, 파리바게트앞,10,37.68401,127.04579199999999
565,도봉구,1707, 도봉구민회관,15,37.654461,127.038513
566,도봉구,1741, 제일강산수산입구,15,37.645199,127.032982
567,동대문구,613, 신설동역 번출구 앞,10,37.575272,127.023468
568,동대문구,654, 전농동 텃골공원,10,37.577621,127.052109
569,동대문구,657, 동대문롯데캐슬아파트 앞,13,37.575759999999995,127.04836999999999
570,동대문구,627, 장안동삼거리 교통섬,10,37.578632,127.07190700000001
571,동대문구,624, 전농동 동아아파트 앞,10,37.574188,127.045891
572,동대문구,606, 휘경공고앞,6,37.584625,127.07028999999999
573,동대문구,648, 장안동위더스빌옆,15,37.5667,127.062424
574,동대문구,602, 장안동 사거리,10,37.572174,127.07138799999998
575,동대문구,647, 신이문역 번출구,10,37.602798,127.067268
576,동대문구,643, 동대문구민체육센터 (육교아래),10,37.566971,127.074417
577,동대문구,641, 용두역 번출구,10,37.573753,127.03853600000001
578,동대문구,638, 서울시립대 정보기술관,20,37.583008,127.060974
579,동대문구,635, 시조사 앞 (청량고정문 옆),12,37.587517,127.052773
580,동대문구,615, 용두동 레미안허브리츠아파트 앞,20,37.576382,127.03511
581,동대문구,658, 촬영소 사거리,10,37.572948,127.066147
582,동대문구,630, 동대문구 보건소,15,37.574852,127.040306
583,동대문구,612, 시립동부병원 앞 사거리,20,37.573665999999996,127.03081499999999
584,동대문구,652, 답십리 래미안엘파인아파트 입구,20,37.57653,127.065941
585,동대문구,656, 영휘원 교차로,10,37.587238,127.04313700000002
586,동대문구,626, 군자교 서측 녹지대,10,37.561153000000004,127.07096899999999
587,동대문구,661, 경희대학교 청운관,10,37.594601000000004,127.05196399999998
588,동대문구,623, 서울시립대 정문 앞,20,37.583698,127.05385600000001
589,동대문구,609, 제기교,20,37.587790999999996,127.037361
590,동대문구,651, 우리은행청량리지점앞,10,37.582747999999995,127.04827900000001
591,동대문구,621, 동대문중학교 옆,15,37.574718,127.05339099999999
592,동대문구,605, 신설동역번출구,8,37.5742,127.02649699999999
593,동대문구,601, 용신동주민센터,10,37.575947,127.037361
594,동대문구,646, 장한평역 번출구 (국민은행앞),10,37.561867,127.06437700000001
595,동대문구,640, KEB하나은행 청량리역지점,6,37.582454999999996,127.044495
596,동대문구,637, KAIST 경영대학 앞,10,37.591614,127.04579199999999
597,동대문구,634, 외국어대 정문 앞,20,37.59602,127.05983
598,동대문구,617, 청솔우성아파트 앞,20,37.574203000000004,127.057693
599,동대문구,660, 동의보감타워,10,37.577999,127.037628
600,동대문구,614, 용두동 사거리,20,37.577686,127.03101299999999
601,동대문구,628, 휘봉고등학교 앞,15,37.586815,127.067543
602,동대문구,610, 동대문중 교차로,10,37.573085999999996,127.05216200000001
603,동대문구,625, 답십리초등학교 앞(현대시장 옆),9,37.568191999999996,127.057175
604,동대문구,622, 전농사거리 교통섬,15,37.577793,127.05783100000001
605,동대문구,608, 전농삼성아파트,10,37.581309999999995,127.05534399999999
606,동대문구,650, 중랑교사거리,20,37.591534,127.067741
607,동대문구,604, 답십리초등학교 옆 공원,15,37.569656,127.05596200000001
608,동대문구,600, 휘경동 주민센터,10,37.589912,127.06868
609,동대문구,642, 신답역 사거리,7,37.570156,127.048584
610,동대문구,639, 서울시립대 후문,14,37.585196999999994,127.060951
611,동대문구,636, 세종대왕기념관 교차로,10,37.5909,127.04258700000001
612,동대문구,633, 청량리 기업은행 앞,8,37.580405999999996,127.044823
613,동대문구,616, 서울시립대 앞,20,37.582561,127.054367
614,동대문구,659, 제기역번출구,15,37.57835,127.03338600000001
615,동대문구,631, 답십리역 번출구,15,37.568184,127.051277
616,동작구,2054, 삼익아파트,10,37.510548,126.944847
617,동작구,2056, 동작구민 체육센터,10,37.494499,126.916527
618,동작구,2050, 노량진역 번출구,10,37.513248,126.939972
619,동작구,2037, 동작역 번출구 동작주차공원,20,37.503189,126.97715
620,동작구,2012, 녹십초요양병원앞,10,37.488361,126.906227
621,동작구,2068, 총신대 앞(육교),12,37.488159,126.966476
622,동작구,2025, 흑석역 번출구,15,37.50938,126.96361499999999
623,동작구,2008, 노량진근린공원 대방공원,10,37.509369,126.92806999999999
624,동작구,2063, 대방역 번출구,15,37.512901,126.92661299999999
625,동작구,2061, 한강 현대아파트 건너편,10,37.505928000000004,126.96923100000001
626,동작구,2058, 노량진동 맥도널드앞,10,37.513523,126.943527
627,동작구,2069, 숭실대 입구역번 출구 앞,7,37.496601,126.953682
628,동작구,2026, 흑석역 번출구,10,37.509056,126.963249
629,동작구,2048, 삼일초등학교 인근,10,37.488453,126.97421299999999
630,동작구,2040, 비계 버스정류소,10,37.506359,126.969078
631,동작구,2033, 사당동 아르테스 웨딩앞,10,37.481491,126.981583
632,동작구,2036, 정금마을 마을버스정류장,20,37.494704999999996,126.98239099999999
633,동작구,2032, 이수역 번출구쪽,10,37.485508,126.98162099999999
634,동작구,2009, 보라매역 번출구,10,37.500076,126.92108200000001
635,동작구,2067, LG전자 베스트샾 대리점 앞,10,37.497669,126.919868
636,동작구,2024, 상도역 번출구,10,37.502178,126.948204
637,동작구,2016, 신대방삼거리역 번출구쪽,10,37.499645,126.927094
638,동작구,2065, 서울시여성가족재단,15,37.511990000000004,126.92708600000002
639,동작구,2007, 유한양행앞,20,37.512939,126.934242
640,동작구,2060, 남성역번출구 뒤,10,37.484631,126.97155
641,동작구,2028, 남성역 번출구 뒷편,10,37.48447,126.971428
642,동작구,2057, 상도 아이파크 아파트,10,37.500881,126.94175
643,동작구,2041, 사당중학교 버스정류소,10,37.486835,126.968048
644,동작구,2038, 동작역 번출구,10,37.503181,126.97608899999999
645,동작구,2015, 신대방삼거리역 번출구쪽,10,37.499855,126.929565
646,동작구,2070, 노량진역 번 출구 앞,12,37.51392,126.943069
647,동작구,2027, 중앙대학교 정문,15,37.507042,126.959152
648,동작구,2066, 양문교회 앞,10,37.489399,126.90711200000001
649,동작구,2020, 장승배기역번출구뒷편쪽,10,37.504498,126.938988
650,동작구,237, 보라매 두산위브 건너편,20,37.496513,126.914803
651,동작구,2013, 장승배기역 번출구,30,37.505852000000004,126.93936200000002
652,동작구,2064, 흑석한강푸르지오 동앞,10,37.505356,126.966179
653,동작구,2062, 사당새마을금고,10,37.486652,126.96784199999999
654,동작구,2002, 노들역 번출구,20,37.512844,126.952469
655,동작구,2059, 보라매공원 정문,10,37.497078,126.91779299999999
656,동작구,2003, 사육신공원앞,10,37.513359,126.94805900000001
657,마포구,154, 마포구청역 ,13,37.560909,126.905495
658,마포구,113, 홍대입구역 번출구 앞,25,37.557499,126.923805
659,마포구,411, DMC홍보관,9,37.577995,126.891472
660,마포구,125, 서강대 남문 옆,15,37.549484,126.93895
661,마포구,152, 마포구민체육센터 앞,30,37.55661,126.898018
662,마포구,103, 망원역 번출구 앞,14,37.554951,126.910835
663,마포구,101, (구)합정동 주민센터,5,37.549561,126.905754
664,마포구,108, 서교동 사거리,10,37.552746,126.918617
665,마포구,148, 용강동 주민센터 앞,11,37.542347,126.943024
666,마포구,424, 롯데하이마트 (상암월드컵점) ,15,37.57362,126.898048
667,마포구,104, 합정역 번출구 앞,13,37.550629,126.91498600000001
668,마포구,145, 공덕역 번출구,9,37.54425,126.951637
669,마포구,421, 마포구청 앞,8,37.565903000000006,126.90118400000001
670,마포구,401, 상암월드컵파크 단지 앞,15,37.586189000000005,126.881615
671,마포구,413, 상암월드컵파크 단지 후문,9,37.571476000000004,126.88968700000001
672,마포구,124, 서강대 정문 건너편,20,37.551140000000004,126.93698899999998
673,마포구,142, 아현역 번출구 앞,11,37.557201,126.955666
674,마포구,111, 상수역 번출구 앞,10,37.547871,126.92353100000001
675,마포구,412, DMC산학협력연구센터 앞,20,37.575802,126.890739
676,마포구,184, SK망원동주유소 건너편,9,37.558949,126.907753
677,마포구,199, 서울 월드컵 경기장,30,37.566845,126.896446
678,마포구,432, 마포중앙도서관,10,37.563339,126.908203
679,마포구,126, 서강대 후문 옆,20,37.550411,126.943848
680,마포구,129, 신촌역(호선) 번출구 옆,15,37.555054,126.937569
681,마포구,402, 상암월드컵파크 단지 앞,20,37.582855,126.87982199999999
682,마포구,156, 서울서부지방법원 앞,10,37.549904,126.955147
683,마포구,419, 홈플러스 앞,21,37.56842,126.899429
684,마포구,405, DMC빌 앞,8,37.582657,126.88578799999999
685,마포구,153, 성산교 사거리,12,37.564696999999995,126.912613
686,마포구,107, 신한은행 서교동금융센터점 앞,5,37.55751,126.918503
687,마포구,151, 망원동주민센터,10,37.555687,126.905548
688,마포구,426, 서울신용보증재단,10,37.549061,126.954178
689,마포구,417, DMC역 번출구 옆,20,37.575069,126.899918
690,마포구,147, 마포역 번출구 뒤,7,37.539272,126.94591499999999
691,마포구,418, 월드컵경기장역 번출구 옆,10,37.570721,126.898979
692,마포구,144, 공덕역 번출구,10,37.543579,126.951324
693,마포구,121, 마포소방서 앞,15,37.549766999999996,126.933174
694,마포구,130, 신촌역(호선) 번출구 앞,10,37.554859,126.93615700000001
695,마포구,114, 홍대입구역 번출구 앞,15,37.55706,126.924423
696,마포구,415, DMC역 번출구 앞,10,37.577469,126.89736200000002
697,마포구,136, 대흥동 주민센터,7,37.556003999999994,126.942299
698,마포구,186, 월드컵공원,40,37.563965,126.89820900000001
699,마포구,403, 부엉이공원 앞,20,37.58559,126.884727
700,마포구,183, 하늘채코오롱아파트 건너편,15,37.565166,126.919395
701,마포구,181, 망원초록길 입구,15,37.551342,126.902672
702,마포구,414, 상암동주민센터 옆,8,37.57822,126.89447
703,마포구,112, 극동방송국 앞,10,37.549202,126.923203
704,마포구,422, 문화비축기지,13,37.569084000000004,126.894424
705,마포구,102, 망원역 번출구 앞,20,37.555649,126.910629
706,마포구,155, 가좌역 번출구 뒤,15,37.56855,126.91451299999999
707,마포구,106, 합정역 번출구 앞,10,37.548645,126.91282700000001
708,마포구,407, 마포구 육아종합지원센터,8,37.580631,126.883675
709,마포구,119, 서강나루 공원,10,37.545284,126.931053
710,마포구,122, 신성기사식당 앞,10,37.547249,126.93929299999999
711,마포구,150, 서강대역 번출구 앞,15,37.552956,126.93434099999999
712,마포구,105, 합정역 번출구 앞,5,37.550007,126.914825
713,마포구,425, DMC첨단산업센터,10,37.584503000000005,126.885597
714,마포구,416, 상암월드컵파크 단지 교차로,12,37.575665,126.894447
715,마포구,400, 상암한화오벨리스크 차 앞,15,37.587524,126.883003
716,마포구,146, 마포역 번출구 뒤,12,37.539936,126.945824
717,마포구,409, 누리꿈스퀘어 옆,25,37.579399,126.88916
718,마포구,1687, 서울월드컵경기장 테스트,10,37.568721999999994,126.896225
719,마포구,143, 공덕역 번출구,9,37.544579,126.95021799999999
720,마포구,427, 성산시영아파트,10,37.569584000000006,126.90381599999999
721,마포구,420, 서울시 공공자전거 상암센터,40,37.566246,126.896179
722,마포구,185, 마포 신수공원 앞,15,37.542545000000004,126.934296
723,마포구,410, 상암중학교 옆,10,37.577496000000004,126.887772
724,마포구,406, 상암월드컵파크 단지 앞,15,37.581314,126.88058500000001
725,마포구,182, 망원빗물펌프장 앞,10,37.551567,126.902847
726,마포구,408, LG CNS앞,20,37.580811,126.88665
727,마포구,120, 신수동 사거리,5,37.545242,126.93411299999998
728,마포구,118, 광흥창역 번출구 앞,10,37.547733,126.93176299999999
729,마포구,157, 애오개역 번출구 앞,12,37.553001,126.95668799999999
730,서대문구,139, 연세대 정문 건너편,13,37.559795,126.93447900000001
731,서대문구,131, 증산교,23,37.584171000000005,126.911102
732,서대문구,137, NH농협 신촌지점 앞,10,37.556812,126.943184
733,서대문구,115, 사루비아 빌딩 앞,15,37.558933,126.927116
734,서대문구,198, 충정교,15,37.562138,126.963776
735,서대문구,180, 충정로역 번출구 아래,10,37.559967,126.96246299999999
736,서대문구,194, 증산교 앞,10,37.577315999999996,126.902969
737,서대문구,173, 서대문역 번출구 앞,8,37.564777,126.966148
738,서대문구,116, 일진아이윌아파트 옆,5,37.564541,126.927071
739,서대문구,192, 연서어린이공원,10,37.572227000000005,126.923065
740,서대문구,171, 임광빌딩 앞,10,37.564724,126.96727800000001
741,서대문구,3102, 연희삼거리,10,37.567966,126.931725
742,서대문구,174, 명지대학교 학생회관,10,37.580589,126.923447
743,서대문구,177, 북가좌 초등학교,8,37.577675,126.909805
744,서대문구,167, 연가초등학교 옆,15,37.57946,126.91713
745,서대문구,3107, 연희초등학교 앞,7,37.56974,126.933327
746,서대문구,164, 북가좌동 주민센터 ,10,37.574478000000006,126.910049
747,서대문구,3100, 북성초교,8,37.557396000000004,126.952164
748,서대문구,132, 창천문화공원,15,37.556789,126.935883
749,서대문구,162, 봉원고가차도 밑,15,37.565269,126.946243
750,서대문구,3103, 홍제삼거리 북측,8,37.5867,126.94677
751,서대문구,159, 이대역 번 출구,7,37.556953,126.94634199999999
752,서대문구,135, 명물길 원형무대 앞,10,37.559101,126.939178
753,서대문구,138, 신촌동 제공영주차장 앞,10,37.559177000000005,126.934525
754,서대문구,196, 연희교차로 인근,10,37.56612,126.925896
755,서대문구,179, 가좌역 번출구 앞,15,37.569122,126.914795
756,서대문구,133, 해담는다리,15,37.582031,126.908997
757,서대문구,140, 이화여대 후문,20,37.560009,126.940735
758,서대문구,191, 정명학원,10,37.578891999999996,126.91073600000001
759,서대문구,170, 가재울 뉴타운 주유소 옆,10,37.573112,126.92244699999999
760,서대문구,166, 가재울 초등학교,20,37.573277000000004,126.919678
761,서대문구,163, 명지전문대학교 정문 앞,7,37.583698,126.92496499999999
762,서대문구,3105, 홍은센트레빌 아파트 앞,12,37.597149,126.93853
763,서대문구,161, 무악재역번 출구,8,37.582245,126.950645
764,서대문구,158, 독립문 어린이 공원,15,37.571259000000005,126.96048
765,서대문구,128, 신촌역(호선) 번출구 옆,20,37.555496000000005,126.93633999999999
766,서대문구,134, 연세로 명물길,8,37.557891999999995,126.93808
767,서대문구,141, 연대 대운동장 옆,20,37.562382,126.932648
768,서대문구,195, 모래내고가차도 ,10,37.567657000000004,126.917809
769,서대문구,175, 홍연교옆,20,37.578072,126.93081699999999
770,서대문구,110, 사천교,20,37.568199,126.917847
771,서대문구,178, 증산교 앞,10,37.579876,126.906349
772,서대문구,172, 서대문소방서,8,37.573254,126.935722
773,서대문구,176, 명지대학교 도서관,10,37.581097,126.924026
774,서대문구,188, 홍은동 정원여중 입구,10,37.586388,126.93512700000001
775,서대문구,169, 북가좌 삼거리,15,37.573002,126.907799
776,서대문구,165, 중앙근린공원,20,37.575138,126.91394
777,서대문구,3101, 서대문구청,15,37.578381,126.93609599999999
778,서대문구,123, 문화촌 공원,20,37.59433,126.94738799999999
779,서대문구,3104, e편한세상 신촌단지 앞,13,37.558128,126.956207
780,서대문구,160, 북아현동 가구거리,20,37.557549,126.95938100000001
781,서초구,2243,서울가정법원,15,37.481491,127.036728
782,서초구,2284, CJ오쇼핑앞,10,37.468102,126.986801
783,서초구,2506, LG유플러스 (방배사옥),10,37.479092,126.990677
784,서초구,2239,교대역 번출구,10,37.494217,127.01378600000001
785,서초구,2282, 방배래미안아트힐 동앞,15,37.477203,127.00583600000002
786,서초구,2503, 반포동 서초빌딩 앞,10,37.503811,127.02136200000001
787,서초구,2509, KT반포지사,16,37.498371,126.99246200000002
788,서초구,2215, 반포종합운동장 입구,10,37.501713,126.995476
789,서초구,2279, 교대역 번출구뒤,10,37.493618,127.014183
790,서초구,2277, 길마중교 하부,10,37.51487,127.01528200000001
791,서초구,2298, 래미안서초스위트앞,12,37.502410999999995,127.021606
792,서초구,2233, 서초신동아차아파트 옆,20,37.491112,127.022957
793,서초구,2203, 청계산입구역 번출구,20,37.447659,127.055016
794,서초구,2274, 양재시민의숲역 번출구,10,37.46965,127.039612
795,서초구,2252, 하이브랜드 앞,25,37.463322,127.036041
796,서초구,2271, 내방역 번출구 앞,8,37.487865,126.994293
797,서초구,2227,방배열린문화센터 앞,15,37.489052,126.99252299999999
798,서초구,2293, SPC 앞,10,37.484798,127.03699499999999
799,서초구,2268, 서초동주민센터 ,10,37.502319,127.02226999999999
800,서초구,2223, 방배래미안 정문 앞,20,37.472609999999996,126.98300900000001
801,서초구,2259, 잠원역 번-번 출구사이 ,15,37.512989000000005,127.011177
802,서초구,2250, 서초유치원 맞은편,10,37.455799,127.01628899999999
803,서초구,2220, 반포본동 주민센터 앞,10,37.500614,126.98616000000001
804,서초구,2263, 바우뫼문화복지회관,20,37.471928000000005,127.02683999999999
805,서초구,2214, 신반포역 번출구 앞,15,37.504115999999996,126.99748999999998
806,서초구,2258,구룡사 삼거리,20,37.471539,127.050591
807,서초구,2210, 반포동 주민센터 앞,15,37.505096,127.013107
808,서초구,2255,시민의숲역 번출구 옆,25,37.47044,127.03885700000001
809,서초구,2202,청계산입구역 번출구,20,37.448935999999996,127.054375
810,서초구,2289, 남태령역 번출구,10,37.464298,126.988525
811,서초구,2264, 이수역 번출구,9,37.488556,126.982574
812,서초구,2286, 탑성마을입구,10,37.458549,127.055885
813,서초구,2242,양재역 번 출구 앞,20,37.483990000000006,127.03418
814,서초구,2505, 우성아파트사거리 (기업은행앞),12,37.493259,127.029533
815,서초구,2237,서울남부터미널 대합실 입구,20,37.484558,127.01487
816,서초구,2281, 연세사랑병원신관앞,7,37.475978999999995,126.986282
817,서초구,2502, 서초역번출구 앞,9,37.491951,127.008553
818,서초구,2508, 양재이스타빌 앞,10,37.482979,127.042259
819,서초구,2211, 서초구립반포도서관 앞,10,37.502635999999995,127.01231399999999
820,서초구,2276, 영동교 (양재천근린공원),15,37.474388,127.03890200000001
821,서초구,2297, 남부터미널역 번출구,10,37.485671999999994,127.015923
822,서초구,2231, 삼성타운(삼성생명) A동 맞은편,15,37.496914000000004,127.02496299999999
823,서초구,2273, 일동제약 사거리,10,37.477829,127.038269
824,서초구,2229,로고스교회 맞은 편,10,37.487010999999995,126.98496200000001
825,서초구,2270, 서초포레스타 단지,10,37.448966999999996,127.05773899999998
826,서초구,2226, 신동아럭스빌아파트 앞,15,37.475182000000004,127.00138899999999
827,서초구,2222,사당역 번출구 뒤,10,37.478069,126.982033
828,서초구,2249, 우솔초등학교 맞은편,10,37.456234,127.019348
829,서초구,2219," 고속터미널역 -번, -번 출구 사이",20,37.506199,127.00394399999999
830,서초구,2213, 고속터미널역 번출구 앞,20,37.502232,127.00225800000001
831,서초구,2257, 하나로클럽 양재점 맞은편,10,37.462688,127.04611200000001
832,서초구,2206, 언남초등학교 앞,20,37.454399,127.06230900000001
833,서초구,2247,섬들근린공원,25,37.462639,127.026619
834,서초구,2201, 본마을 정류소 앞,20,37.453281,127.051483
835,서초구,2288, 안골마을입구,10,37.455608000000005,127.064453
836,서초구,2244,교육개발원입구 교차로,20,37.477852,127.03891000000002
837,서초구,2285, LH서초단지 동 맞은편,15,37.457423999999996,127.02265200000001
838,서초구,2241,양재전화국 사거리,10,37.485378000000004,127.041702
839,서초구,2283, 그룹한빌딩옆,10,37.486526,126.989166
840,서초구,2504, 신사역 번출구 뒤,10,37.515881,127.019302
841,서초구,2248, 서초리슈빌S 글로벌 앞,10,37.459953000000006,127.02474199999999
842,서초구,2280, 서울서초고용센터앞,10,37.484161,127.010971
843,서초구,2501, 서초 포레스타단지,10,37.450661,127.05706
844,서초구,2299, 한전아트센터 앞,12,37.486469,127.02806100000001
845,서초구,2235,KT 서초지사 앞,15,37.482159,127.002701
846,서초구,2207, 내곡파출소 뒤 정자,9,37.454407,127.064926
847,서초구,2275, 염곡치안센터 건너편,10,37.461578,127.048798
848,서초구,2230,이수역 번 출구,20,37.485828000000005,126.982628
849,서초구,2272, 교대입구 교차로,10,37.487309,127.010582
850,서초구,2246, 서울시 품질시험소 앞,15,37.4692,127.02900700000001
851,서초구,2228,뒷벌공원 옆,20,37.489585999999996,126.986725
852,서초구,2294, 두상빌딩 앞,15,37.475906,127.04624199999999
853,서초구,2269, 주홍교 하부,10,37.510349,127.016052
854,서초구,2225,백석예술대학교 제캠퍼스 앞,15,37.473759,126.99524699999999
855,서초구,2251, 더케이호텔 입구(양재) ,10,37.467506,127.034477
856,서초구,2292, 무지개아파트 앞,15,37.488243,127.02701599999999
857,서초구,2265, 이수고가차도 남단,25,37.494106,126.98299399999999
858,서초구,2266, 서초역 번출구,15,37.49054,127.00816299999998
859,서초구,2221,하나은행 방배동지점 앞,15,37.485611,126.99468200000001
860,서초구,2217,아크로리버뷰 부지 앞,20,37.513046,127.005959
861,서초구,2262, 한신차아파트 동 앞,20,37.516597999999995,127.00958999999999
862,서초구,2212,서초현대차아파트 동 맞은편,20,37.500961,127.01792900000001
863,서초구,2256,양재동 꽃시장 입구,10,37.467690000000005,127.04035900000001
864,서초구,2205, 내곡단지 어린이공원 앞,15,37.453751000000004,127.05938
865,서초구,2290, 서래마을파리구공원앞,10,37.499413,126.99941299999999
866,서초구,2245,양재초등학교 맞은편,20,37.473614000000005,127.03051
867,서초구,2287, 능안마을입구,10,37.45562,127.067101
868,성동구,563, 성동세무서 건너편,10,37.547913,127.062752
869,성동구,525, 한양대병원사거리,20,37.558052,127.040352
870,성동구,560, 비전교회 앞,8,37.551204999999996,127.068932
871,성동구,523, 옥수동성당 옆,11,37.543663,127.01406100000001
872,성동구,558, 성동광진 교육지원청 앞,20,37.564606,127.03652199999999
873,성동구,509, 이마트 버스정류소 옆,20,37.539654,127.05258899999998
874,성동구,520, 상왕십리역 번 출구 앞,10,37.563858,127.03031899999999
875,성동구,506, 금호 어울림 아파트 앞,7,37.549061,127.05779299999999
876,성동구,3513, 상왕십리역 번출구,10,37.564609999999995,127.029198
877,성동구,3531, 논골사거리(금호도서관 입구),15,37.554778999999996,127.024841
878,성동구,585, 성수가동 공영주차장 인근,9,37.536808,127.055489
879,성동구,587, KEB하나은행 성수중앙지점,10,37.545418,127.05264299999999
880,성동구,582, 경일중학교 앞,10,37.543178999999995,127.04908
881,성동구,550, 서울시설공단 앞,15,37.57164,127.03566000000001
882,성동구,579, 마장역 번출구,8,37.565205,127.041847
883,성동구,537, 한양대후문역 부근,10,37.560356,127.041397
884,성동구,589, 성수역번출구,8,37.544159,127.056656
885,성동구,534, 금호사거리,20,37.548634,127.025726
886,성동구,565, 옥수역 번출구,20,37.541363,127.01766200000002
887,성동구,510, 서울숲 남문 버스정류소 옆,10,37.541222,127.0438
888,성동구,529, 장한평역 번 출구 앞,15,37.561371,127.06366000000001
889,성동구,562, 군자지하보도 앞,10,37.559246,127.07341000000001
890,성동구,524, 래미안금호하이리버 아파트 동 옆,10,37.5522,127.02505500000001
891,성동구,559, 왕십리역 번 출구 건너편,10,37.561096,127.03679699999999
892,성동구,522, 금호역 번출구 앞,9,37.548640999999996,127.016426
893,성동구,3519, 용답역 번 출구,10,37.562607,127.051308
894,성동구,557, 도선동 주민센터 앞,10,37.567642,127.025696
895,성동구,519, 양지사거리,20,37.566994,127.02991499999999
896,성동구,3515, 서울숲 관리사무소,20,37.542815999999995,127.042084
897,성동구,3511, 응봉역 번출구,10,37.55125,127.035103
898,성동구,3530, 왕십리자이아파트 후문(삼거리),15,37.560146,127.02636000000001
899,성동구,581, 용답초등학교,13,37.561012,127.05423700000001
900,성동구,538, 답십리역 번출구 앞,15,37.56765,127.05115500000001
901,성동구,578, 성동세무서 부근,8,37.548286,127.06208799999999
902,성동구,536, 행당역 번출구 앞,8,37.55735,127.02921299999998
903,성동구,507, 성수아이에스비즈타워 앞,7,37.548203,127.05711399999998
904,성동구,568, 청계가사거리 부근,10,37.571102,127.02356
905,성동구,533, 우리은행 금호동 지점 앞,7,37.548149,127.02108799999999
906,성동구,564, 금호역 번출구,15,37.547928000000006,127.01557199999999
907,성동구,526, 용답토속공원 앞,10,37.563511,127.056725
908,성동구,3538, 서울숲 IT캐슬,14,37.550892,127.044762
909,성동구,561, 서울숲역 번출구 앞,10,37.542815999999995,127.04467
910,성동구,521, 왕십리역 번 출구 앞,14,37.561446999999994,127.03492
911,성동구,556, 달맞이공원,20,37.542053,127.020401
912,성동구,518, 청계천 박물관 앞,20,37.571526,127.03535500000001
913,성동구,3514, 왕십리교회옆,10,37.566261,127.023697
914,성동구,3532, 왕십리KCC스위첸아파트,15,37.56068,127.026779
915,성동구,512, 뚝섬역 번 출구 옆,15,37.548561,127.045006
916,성동구,508, 성수아카데미타워 앞,10,37.545165999999995,127.05751000000001
917,성동구,586, 마장동 주민센터,10,37.565940999999995,127.045395
918,성동구,514, 성수사거리 버스정류장 앞,7,37.54258,127.063309
919,성동구,583, 청계천 생태교실 앞,20,37.56797,127.04688999999999
920,성동구,580, 신금호역 번출구 뒤,6,37.554493,127.02021
921,성동구,511, 서울숲역 번 출구 옆,16,37.544582,127.04460900000001
922,성동구,3527, 왕십리 자이아파트,8,37.56179,127.024391
923,성동구,569, 응봉현대아파트 정류소,10,37.549583,127.030243
924,성동구,535, 응봉삼거리,16,37.553986,127.033592
925,성동구,513, 뚝섬역 번 출구 정류소 옆,13,37.546307,127.049805
926,성동구,3525, 금호스포츠센터앞,15,37.546089,127.02507
927,성동구,567, 성수역 번출구 앞,15,37.54459,127.057083
928,성동구,530, 청계벽산아파트 앞,9,37.568748,127.030403
929,성동구,594, 중랑물재생센터(서울새활용플라자),15,37.558365,127.056908
930,성북구,1344, 아리랑시네센터 앞,10,37.600288,127.013702
931,성북구,1325, 상월곡역 번출구,10,37.605808,127.04773700000001
932,성북구,1340, 광운초등학교 앞,8,37.61956,127.053802
933,성북구,1302, 한성대입구역번출구 뒤,5,37.588764000000005,127.00631000000001
934,성북구,1337, 돈암성당 옆,10,37.590382,127.01713600000001
935,성북구,1318, 길음역 번출구 뒤,10,37.603085,127.02478799999999
936,성북구,1315, 고려사대부속중고 정문,10,37.607760999999996,127.003281
937,성북구,1306, 한성대입구역번출구,10,37.588448,127.00670600000001
938,성북구,1368, 성신여대입구 교차로,10,37.59148,127.020103
939,성북구,1353, 금호어울림센터힐 내,8,37.60083,127.023552
940,성북구,1366, 일신초등학교 옆,10,37.59972,127.04038200000001
941,성북구,1360, 정릉역,10,37.603096,127.013504
942,성북구,1373, 성북구보건소 건너편,8,37.602290999999994,127.038979
943,성북구,1349, 월계교 버스정류장 앞,10,37.623829,127.050201
944,성북구,1363, 보문교 인근,15,37.583752000000004,127.02195
945,성북구,1357, 북한산보국문역,20,37.612072,127.008133
946,성북구,1369, 미아사거리,15,37.609131,127.030029
947,성북구,1346, 길음골어린이공원 옆,15,37.608978,127.020248
948,성북구,1343, 한성대번출구 앞,10,37.589249,127.007378
949,성북구,1308, 안암로터리 버스정류장 앞,18,37.582592,127.028976
950,성북구,1339, 삼성전자서비스 성북센터,9,37.610569,127.03350800000001
951,성북구,1336, 성북교 위,20,37.591251,127.014008
952,성북구,1322, 래미안라센트아파트 동 앞,10,37.598068,127.039276
953,성북구,1316, 고려사대부속중고 건너편 ,20,37.607262,127.00283799999998
954,성북구,1321, 국민은행 종암동지점 앞,15,37.593288,127.036667
955,성북구,1313, 정릉교회 앞,10,37.603245,127.014191
956,성북구,1305, 성북구청,15,37.589329,127.016434
957,성북구,1352, e 편한세상 보문아파트 내,8,37.583881,127.01709699999999
958,성북구,1333, 석관초등학교 앞,15,37.610523,127.059799
959,성북구,1365, 선잠단지 앞,15,37.593361,126.99909199999999
960,성북구,1359, 장위뉴타운 꿈에 숲 코오롱 하늘채 앞,20,37.619801,127.045097
961,성북구,1354, 고려대학교 번출구,10,37.590714,127.036194
962,성북구,1372, KEB은행 고대점,15,37.586559,127.03196000000001
963,성북구,1355, 보문교,20,37.588699,127.01891299999998
964,성북구,1348, 성북제일새마을금고 본점 앞,12,37.604752000000005,127.02275800000001
965,성북구,1362, 보문역번출구 앞,10,37.585097999999995,127.019676
966,성북구,1326, 상월곡역 번출구,10,37.606068,127.04731799999999
967,성북구,1342, 성북쉼터 앞,15,37.592617,126.997932
968,성북구,1303, 돈암초교 입구,10,37.591694,127.012497
969,성북구,1304, 만해공원,15,37.594402,126.99231
970,성북구,1338, 용문교 옆,15,37.586899,127.020752
971,성북구,1323, 월곡역 입구 육교 밑,10,37.600433,127.04020700000001
972,성북구,1319, 종암사거리 분수대,10,37.603043,127.033272
973,성북구,1320, LG베스트샵 종암점,10,37.599284999999995,127.034622
974,성북구,1314, 정릉꿈에그린단지 동 앞,8,37.60244,127.01168799999999
975,성북구,1328, 월곡역 번출구,10,37.602627000000005,127.041634
976,성북구,1317, 정릉동 교통광장,10,37.612774,127.00653100000001
977,성북구,1361, 홍익중고 입구,13,37.592842,127.002121
978,성북구,1334, 석관동주민센터 앞,10,37.612999,127.06131
979,성북구,1367, 길음문화복합미디어센터,15,37.603512,127.02256000000001
980,성북구,1351, 안암교 옆,8,37.579449,127.024193
981,성북구,1332, 석계역 번출구 건너편,10,37.613556,127.066093
982,성북구,1364, 성북동 치안센터 앞,10,37.590171999999995,127.004089
983,성북구,1358, 정릉도서관 앞,7,37.60479,127.010582
984,성북구,1370, 복자사랑 피정의 집,20,37.59454,126.995209
985,성북구,1347, 길음래미안아파트동 상가 앞,20,37.607105,127.0215
986,성북구,1327, 상월곡역 번출구,10,37.607341999999996,127.05068200000001
987,송파구,1280, 송파파크데일 단지입구 앞 주차장,20,37.495659,127.157173
988,송파구,1221, 삼전사거리 포스코더샵,10,37.5042,127.08753200000001
989,송파구,1203, 밀리아나빌딩 앞,20,37.493728999999995,127.120621
990,송파구,1206, 호선종합운동장역 번출구,20,37.51128,127.078239
991,송파구,2607, 복정역 번출구 후문 (장지치안센터),15,37.47065,127.127113
992,송파구,2603, 송파 글마루 도서관,10,37.480801,127.13034099999999
993,송파구,1204, 거여역 번출구,10,37.493342999999996,127.14473000000001
994,송파구,1230, 송파중학교 정문,10,37.495670000000004,127.130592
995,송파구,1277, 오금동 송파 참병원,8,37.503757,127.137093
996,송파구,1300, 오륜사거리,15,37.506939,127.13922099999999
997,송파구,1226, 잠실동 주민센터 옆,10,37.520077,127.112366
998,송파구,1296, 석촌호수교차로 (송파나루근린공원 앞),10,37.508678,127.10343200000001
999,송파구,1291, 서울체육고등학교 앞,10,37.521938,127.13186599999999
1000,송파구,1269, 리센츠아파트 ,10,37.511944,127.09121699999999
1001,송파구,1266, 문정동 글샘 공원,10,37.478809000000005,127.120003
1002,송파구,1232, 롯데마트 주차장 옆,10,37.512089,127.09619099999999
1003,송파구,1263, 장지공영차고지,10,37.480540999999995,127.13701599999999
1004,송파구,1247, 문정 법조단지,15,37.478821,127.123512
1005,송파구,1212, 송파역 번 출구앞,10,37.499413,127.11286899999999
1006,송파구,2608, 송파구청,10,37.514359000000006,127.10619399999999
1007,송파구,1260, 방이동 한양차아파트 옆,8,37.506302000000005,127.121399
1008,송파구,1224, 아시아지하보도 번 출구,15,37.512169,127.078934
1009,송파구,1287, 위례아이파크 동 맞은편,8,37.477531,127.14151799999999
1010,송파구,1257, 가락시장역 롯데마트앞,20,37.4921,127.117752
1011,송파구,1217, 송파파인타운 단지,15,37.479271000000004,127.12957800000001
1012,송파구,1244, 문정 법조단지,7,37.481537,127.122124
1013,송파구,1283, 오금공원 사거리,8,37.505455,127.131752
1014,송파구,1211, 방이삼거리,7,37.512104,127.10778
1015,송파구,1209, 잠실나루역 (번 출구 쪽),20,37.520451,127.104202
1016,송파구,1241, 문정 법조단지,15,37.481239,127.11979699999999
1017,송파구,1279, 마천금호어울림 차아파트 건너편,10,37.497516999999995,127.154678
1018,송파구,1205, 종합운동장역 번출구,15,37.510428999999995,127.071373
1019,송파구,2606, 위례동주민센터 맞은편 근린공원,10,37.481739000000005,127.143227
1020,송파구,2601, 석촌호수 서호사거리,10,37.506747999999995,127.098831
1021,송파구,1228, 마천사거리 ,10,37.4977,127.146202
1022,송파구,1299, 송파소방서 (방이안전센터),15,37.519878000000006,127.136711
1023,송파구,1218, 방이역 번출구,12,37.508967999999996,127.12583899999998
1024,송파구,1295, 잠실역 번출구,20,37.513962,127.10030400000001
1025,송파구,1275, 거여초등학교 옆,15,37.504589,127.139366
1026,송파구,1274, 영파여고 앞,20,37.532848,127.121048
1027,송파구,1268, 몽촌토성역 번출구 옆,15,37.517288,127.11419699999999
1028,송파구,1235, 잠실트리지움동 옆,15,37.508339,127.08814199999999
1029,송파구,1265, 문정동 근린공원,10,37.485989000000004,127.12476299999999
1030,송파구,1249, 아주중학교건너편,10,37.505463,127.077347
1031,송파구,1231, 잠실역 번출구,10,37.514088,127.09903
1032,송파구,1289, 풍납동 자전거보관소,10,37.531471,127.111092
1033,송파구,1262, 송파여성문화회관 앞,10,37.505802,127.10971799999999
1034,송파구,1201, 가락시장역 번 출구,10,37.493179,127.118546
1035,송파구,1259, 방이역 번출구,15,37.508984000000005,127.126595
1036,송파구,1222, 잠실새내역 번 출구 뒤,15,37.511982,127.085052
1037,송파구,1246, 문정 법조단지,30,37.477509000000005,127.126328
1038,송파구,1286, 위례중앙푸르지오 단지 앞,10,37.474377000000004,127.140671
1039,송파구,1253, 오금역 번 출구 뒤,10,37.501652,127.12818100000001
1040,송파구,1215, 올림픽공원역 번출구 앞,15,37.516571,127.13153799999999
1041,송파구,1243, 문정 법조단지,20,37.484531,127.12016299999999
1042,송파구,1282, 송파소방서 맞은편(성내교),10,37.499874,127.141479
1043,송파구,1207, 마천CU우방점 앞,10,37.499756,127.15250400000001
1044,송파구,1208, 풍납현대아파트쉼터,20,37.529675,127.11978899999998
1045,송파구,1240, 문정 법조단지,10,37.480576,127.118568
1046,송파구,2604, 삼표레미콘 앞,10,37.531310999999995,127.111282
1047,송파구,1239, 문정 법조단지,20,37.480843,127.11801100000001
1048,송파구,1278, 송파구청 교차로,10,37.515831,127.106796
1049,송파구,2605, 복정역 번 출구 앞,15,37.471298,127.12709
1050,송파구,1227, 거여역 번출구 뒤,10,37.493126000000004,127.143822
1051,송파구,1297, 석촌호수교차로(동호 팔각정 앞),10,37.509201000000004,127.104118
1052,송파구,2617, 가락삼환아파트 앞,15,37.496181,127.13803100000001
1053,송파구,1210, 롯데월드타워(잠실역번출구 쪽),30,37.513126,127.10096000000001
1054,송파구,1293, 석촌호교차로 (스타벅스 앞),10,37.506561,127.096558
1055,송파구,1250,문정동 주민센터,10,37.490047,127.110748
1056,송파구,1290, 위례송파꿈에그린아파트단지 앞 성벽 다리 밑,10,37.474659,127.13771799999999
1057,송파구,1267, 올림픽공원 남문 앞,15,37.51424,127.12307
1058,송파구,1233, 잠실거리(갤러리아팰리스),9,37.510509000000006,127.093369
1059,송파구,1264, 천호역 번 출구 앞,8,37.538582,127.122803
1060,송파구,1248, 방이초등학교,20,37.513962,127.121674
1061,송파구,1229, 송파체육문화회관 앞,15,37.490688,127.143127
1062,송파구,1288, 문정중교 사거리,15,37.487999,127.13108799999999
1063,송파구,1258, 가락미륭아파트 앞,10,37.493198,127.128998
1064,송파구,1220, 잠실본동주민센터뒤 잠실근린공원,15,37.505691999999996,127.08403799999999
1065,송파구,1245, 문정 법조단지,10,37.479465000000005,127.125328
1066,송파구,1285, 위례별 유치원 뒤,15,37.477470000000004,127.14459199999999
1067,송파구,1251, 석촌역 번출구,10,37.505932,127.10775
1068,송파구,1214, 오금역 번 출구 인근,10,37.502594,127.127647
1069,송파구,1213, 백토공원 앞,20,37.507659999999994,127.13273600000001
1070,송파구,1242, 문정 법조단지,15,37.48209,127.119743
1071,양천구,725, 양강중학교앞 교차로,15,37.524334,126.850548
1072,양천구,731, 서울시 도로환경관리센터,10,37.5299,126.87654099999999
1073,양천구,722, LG전자베스트샵 신정점 ,10,37.521435,126.85738400000001
1074,양천구,713, 양서중학교 옆,20,37.533046999999996,126.82995600000001
1075,양천구,760, 잣절보도육교 아래,10,37.506821,126.84429899999999
1076,양천구,711, 신일해피트리아파트 앞,20,37.517059,126.84848799999999
1077,양천구,708, 서울출입국관리사무소 앞,16,37.51897,126.869965
1078,양천구,745, 강서초등학교,10,37.522282000000004,126.839699
1079,양천구,756, 목동주차장,10,37.52668,126.876167
1080,양천구,704, 남부법원검찰청 교차로,15,37.523254,126.864906
1081,양천구,742, 등촌역 번 출구 뒤,10,37.550732,126.86457800000001
1082,양천구,739, 신월사거리,15,37.536201,126.827797
1083,양천구,736, 오솔길공원,10,37.52219,126.8367
1084,양천구,720, 서울강월초등학교 앞,10,37.516197,126.8349
1085,양천구,733, 신정이펜하우스동,10,37.514099,126.831001
1086,양천구,724, 계남공원 입구 주출입구 좌측,15,37.510681,126.857399
1087,양천구,716,신정동 주민센터 인근,15,37.517281,126.86433400000001
1088,양천구,729, 서부식자재마트 건너편,10,37.51038,126.866798
1089,양천구,752, 성원차 아파트,10,37.542183,126.863304
1090,양천구,764, 목동청소년수련관,30,37.531029,126.87589299999999
1091,양천구,750, 연의근린공원 건너편,10,37.512157,126.835625
1092,양천구,759, 보아스아파트 앞,10,37.524071,126.8386
1093,양천구,710, 서부화물트럭터미널 사거리,12,37.510658,126.84253700000001
1094,양천구,747, 목동단지 상가,10,37.53458,126.875648
1095,양천구,758, 한사랑교회 앞,10,37.514721,126.8592
1096,양천구,707, 신정동주민센터,10,37.515156,126.854897
1097,양천구,744, 신목동역 번 출구,10,37.543842,126.882545
1098,양천구,755, 목동단지아파트 상가 앞 (월촌중학교 버스정류소 옆),10,37.537867999999996,126.881409
1099,양천구,703, 오목교역 번출구 앞,12,37.524063,126.87558
1100,양천구,741, 화곡로 입구 교차로,10,37.53952,126.825401
1101,양천구,749, 이대 목동병원 앞,10,37.537228000000006,126.88661200000001
1102,양천구,701, 목동사거리 부근,8,37.532803,126.86393000000001
1103,양천구,735, 영도초등학교,10,37.536429999999996,126.871521
1104,양천구,726, 목동단지 시내버스정류장,15,37.534389000000004,126.869598
1105,양천구,719, 홍익병원앞 교차로,10,37.530369,126.864258
1106,양천구,732, 신월동 이마트,10,37.539551,126.8283
1107,양천구,723, SBS방송국,15,37.529163,126.872749
1108,양천구,714, 한국SGI 양천문화회관 앞,10,37.532546999999994,126.830803
1109,양천구,763, 목동단지 아파트,10,37.511318,126.85862
1110,양천구,712, 강월초교입구 사거리,14,37.516998,126.83831799999999
1111,양천구,709, 신정동 현장민원실 앞,20,37.511585,126.84156000000002
1112,양천구,746, 목동단지 상가,10,37.536503,126.877747
1113,양천구,757, 신정이펜하우스 단지아파트 입구 사거리,10,37.514278000000004,126.82874299999999
1114,양천구,706, 신정네거리역,15,37.521881,126.851753
1115,양천구,743, 현대차아파트 동 옆,10,37.5089,126.84268200000001
1116,양천구,754, 목동단지아파트 동 앞 (월촌초등학교 정류소 옆),10,37.541142,126.876678
1117,양천구,702, 목동주민센터 옆,16,37.532543,126.868729
1118,양천구,740, 으뜸공원,10,37.536369,126.83171100000001
1119,양천구,700, KB국민은행 염창역 지점 앞,20,37.546848,126.872772
1120,양천구,737, 장수공원,10,37.52256,126.84948
1121,양천구,734, 신트리공원 입구,10,37.51395,126.85605600000001
1122,영등포구,253, 신풍역 번출구 인근,10,37.500648,126.90951499999998
1123,영등포구,271, 샛강생태공원방문자센터 앞,10,37.518963,126.92161599999999
1124,영등포구,206, KBS 앞,35,37.524665999999996,126.918022
1125,영등포구,220, 미성아파트 A동 앞,30,37.519363,126.926048
1126,영등포구,267, 삼성화재 사옥 옆,10,37.535961,126.8983
1127,영등포구,249, 여의도중학교 옆,8,37.52412,126.93654599999999
1128,영등포구,207, 여의나루역 번출구 앞,40,37.526989,126.932098
1129,영등포구,286, 우성아파트 교차로,8,37.494572,126.89975
1130,영등포구,265, 영등포유통상가 사거리,15,37.521133,126.89653799999999
1131,영등포구,245, 삼성생명 당산사옥 앞,10,37.528263,126.896629
1132,영등포구,262, 영문초등학교 사거리,12,37.519928,126.889183
1133,영등포구,242, 신길선원가와인아파트 앞,15,37.510933,126.910225
1134,영등포구,205, 산업은행 앞,20,37.526264000000005,126.92050900000001
1135,영등포구,239, 유스호스텔 앞,20,37.525852,126.903282
1136,영등포구,213, KT앞,15,37.521908,126.918953
1137,영등포구,282, 신한은행,10,37.48753,126.904877
1138,영등포구,223, 진주아파트상가 앞,20,37.519314,126.933167
1139,영등포구,236, 문래동자이아파트 앞,10,37.516155,126.89461499999999
1140,영등포구,292, 영일 어린이공원,10,37.51012,126.904068
1141,영등포구,216, 삼부아파트동 앞,10,37.523491,126.932899
1142,영등포구,280, 양평동차현대아파트 앞,10,37.532101000000004,126.89443999999999
1143,영등포구,233, YP 센터 앞,10,37.528488,126.89164699999999
1144,영등포구,289, 대림동사거리,10,37.499809,126.898003
1145,영등포구,276, SK 영등포주유소,10,37.518284,126.912636
1146,영등포구,222, 시범아파트버스정류장 옆,12,37.520271,126.93888100000001
1147,영등포구,212, 여의도역 번출구 옆,35,37.521361999999996,126.92346200000001
1148,영등포구,274, 영등포역지하쇼핑센타 번출구,10,37.516651,126.90798999999998
1149,영등포구,227, 양평나들목 보행통로 입구,10,37.544666,126.88835900000001
1150,영등포구,259, 대방역번출구,17,37.513591999999996,126.92593400000001
1151,영등포구,256, 동아에코빌입구,10,37.509476,126.8993
1152,영등포구,252, 보라매역번출구,10,37.499977,126.92003600000001
1153,영등포구,224, 롯데캐슬 앞,20,37.520088,126.93236499999999
1154,영등포구,270, 증권거래소후문교차로,10,37.522343,126.92710100000001
1155,영등포구,251, 서울지방병무청 버스정류장,10,37.504494,126.921951
1156,영등포구,266, 영등포청과시장 사거리,10,37.520294,126.901192
1157,영등포구,248, 초원아파트 앞,10,37.531055,126.92421000000002
1158,영등포구,285, 대림동사거리(하나은행),8,37.499859,126.89724
1159,영등포구,264, 교보생명보험 앞,15,37.521931,126.891617
1160,영등포구,244, 영등포삼환아파트 앞,20,37.530079,126.905708
1161,영등포구,217, NH농협은행 앞,10,37.522079,126.93036699999999
1162,영등포구,283, 아크로타워 스퀘어(영등포시장),15,37.522518,126.907219
1163,영등포구,210, IFC몰,21,37.526066,126.925537
1164,영등포구,260, 여의도 마리나선착장 앞,15,37.533817,126.91249099999999
1165,영등포구,241, 신길우성차아파트 앞 공원,10,37.505328999999996,126.89848300000001
1166,영등포구,219, 롯데캐슬엠파이어 옆,12,37.520695,126.925835
1167,영등포구,238, 제구민체육센타 앞,10,37.526385999999995,126.90275600000001
1168,영등포구,281, 신동아아파트 앞,8,37.498241,126.89398200000001
1169,영등포구,235, 신길동 우리은행 옆,10,37.504566,126.910233
1170,영등포구,278, 쌍용플레티넘오피스텔,10,37.507931,126.895233
1171,영등포구,209, 유진투자증권빌딩 앞,12,37.524612,126.927834
1172,영등포구,232, 양평우림 이비즈센타 앞,20,37.52565,126.887817
1173,영등포구,279, 영등포 푸르지오 아파트,15,37.513228999999995,126.90446499999999
1174,영등포구,275, 신동아아파트,10,37.522816,126.885651
1175,영등포구,229, 양평 보행육교 앞,20,37.535872999999995,126.89218100000001
1176,영등포구,215, 여의도고교 앞,10,37.524837,126.93490600000001
1177,영등포구,258, 신길역번출구,14,37.517693,126.914299
1178,영등포구,255, 도림거리,10,37.506572999999996,126.901131
1179,영등포구,221, 여의도초교 앞,10,37.522675,126.93778999999999
1180,영등포구,204, 국회의사당역 번출구 옆,13,37.528164000000004,126.917023
1181,영등포구,211, 여의도역 번출구 옆,13,37.522228000000005,126.924637
1182,영등포구,272, 당산육갑문,20,37.535339,126.903679
1183,영등포구,268, 그랜드컨벤션센터 앞,10,37.534718,126.900002
1184,영등포구,250, 대림아파트 사거리,10,37.507641,126.92308
1185,영등포구,214, 금융감독원 앞,20,37.523022,126.920837
1186,영등포구,201, 진미파라곤 앞,15,37.531239,126.921333
1187,영등포구,287, 영등포전화국사거리 (서강어린이공원),10,37.525768,126.90573899999998
1188,영등포구,247, 당산역 번출구 앞,19,37.533688,126.902107
1189,영등포구,284, 센트럴 푸르지오 시티 앞,12,37.518211,126.902229
1190,영등포구,263, 근로자회관 사거리,12,37.517151,126.888626
1191,영등포구,243, 이앤씨드림타워 앞,15,37.527084,126.89138
1192,영등포구,230, 영등포구청역 번출구,10,37.524634999999996,126.896217
1193,영등포구,240, 문래역 번출구 앞,10,37.518738,126.895576
1194,영등포구,200, 국회의원회관,20,37.528728,126.914925
1195,영등포구,226, 샛강역 번출구 앞,20,37.517765000000004,126.92841299999999
1196,영등포구,234, 영등포구민체육센터 앞,10,37.500462,126.905846
1197,영등포구,291, 문래동 하이테크 시티,14,37.513851,126.89888
1198,영등포구,277, 영등포뉴타운지하상가 번게이트,10,37.520119,126.90516699999999
1199,영등포구,231, 남부고용노동지청 남측,10,37.524506,126.891823
1200,영등포구,203, 국회의사당역 번출구 옆,15,37.528057000000004,126.918701
1201,영등포구,228, 선유도역 번출구 앞,10,37.53846,126.894508
1202,영등포구,225, 앙카라공원 앞,26,37.517368,126.929253
1203,영등포구,218, 증권거래소 앞,20,37.523277,126.92923700000001
1204,영등포구,257, 신길삼거리(우리은행),10,37.513844,126.919357
1205,영등포구,202, 국민일보 앞,30,37.528816,126.92453
1206,용산구,836, 현대자동차서비스 앞,15,37.531422,126.9515
1207,용산구,811, 녹사평역번출구,20,37.53508,126.985382
1208,용산구,841, 신용산역 번 출구,15,37.52961,126.96887199999999
1209,용산구,806, 전자랜드 본관 앞,20,37.533066,126.96073200000001
1210,용산구,802, 한강진역 번 출구 앞,10,37.541153,127.00221299999998
1211,용산구,830, 청암자이아파트앞,10,37.534424,126.94856999999999
1212,용산구,827, 국군복지단,20,37.541885,126.97966000000001
1213,용산구,822, 이촌동 마을공원,10,37.522040999999994,126.965523
1214,용산구,818, 숙명여대 입구 교차로,15,37.544895000000004,126.96938300000001
1215,용산구,813, 삼각지역 번출구,20,37.533512,126.972275
1216,용산구,835, 남영역 건너편,10,37.541981,126.971542
1217,용산구,838, 숙대입구역 번출구,8,37.54446,126.97238899999999
1218,용산구,810, 이태원지하보도,10,37.53841,126.986649
1219,용산구,832, 이촌동 주민센터 뒤,15,37.521282,126.97346499999999
1220,용산구,840, 용산 파크타워 앞,10,37.523651,126.97026799999999
1221,용산구,808, 서빙고동 금호맨션 앞,10,37.520503999999995,126.98973799999999
1222,용산구,805, 문배어린이공원 앞,9,37.536758,126.970001
1223,용산구,800, 목월공원 앞,15,37.532433000000005,126.954742
1224,용산구,829, 베르가모앞,40,37.52293,126.961693
1225,용산구,825, 서빙고동 주민센터 앞,15,37.520336,126.99426299999999
1226,용산구,820, 청파동입구 교차로,10,37.549026,126.971947
1227,용산구,817, 삼각지역 번출구 앞,9,37.533451,126.971733
1228,용산구,837, 한남나들목 입구,10,37.52906,127.006729
1229,용산구,812, 용산전쟁기념관,20,37.53484,126.97766100000001
1230,용산구,834, 효창공원앞역 번출구 뒤,15,37.539009,126.96138
1231,용산구,844, 이촌동 동원베네스트 아파트 앞,11,37.527149,126.95516200000002
1232,용산구,809, 한남 유수지 복개주차장,10,37.530167,127.00743899999999
1233,용산구,807, 서울역 번 출구 앞,10,37.552277000000004,126.97268700000001
1234,용산구,803, 한남초교 앞 보도육교,10,37.538139,127.004097
1235,용산구,845, 용산 선인상가,22,37.5327,126.964378
1236,용산구,831, 이태원관광특구입구,15,37.534279,126.988564
1237,용산구,828, 숙대입구역 번,7,37.544078999999996,126.97200000000001
1238,용산구,826, 서울역 서부교차로,20,37.555367,126.968643
1239,용산구,823, 효창동주민센터 앞,10,37.542320000000004,126.96196
1240,용산구,819, 선린인터넷 고등학교,12,37.541653000000004,126.970505
1241,용산구,815, LIG강촌아파트 동앞,20,37.518509,126.978798
1242,용산구,816, 신용산역 번출구 앞,15,37.530148,126.968483
1243,은평구,950, 구산역 번 출구 ,7,37.610779,126.917351
1244,은평구,917, 녹번역 번출구,9,37.601299,126.935349
1245,은평구,964, 북한산힐스테이트 차아파트,10,37.616112,126.925041
1246,은평구,913, 이마트 은평점,15,37.6007,126.920128
1247,은평구,961, 불광역 번 출구,10,37.61097,126.92981
1248,은평구,947, 연신내 선일하이츠빌 정류소,10,37.622669,126.919991
1249,은평구,911, 은평평화공원(역촌역번출구),10,37.605583,126.92293500000001
1250,은평구,906, 연신내역 번출구M 아래,10,37.61721,126.919579
1251,은평구,941, 은평뉴타운 도서관,13,37.63726,126.933701
1252,은평구,903, 은평뉴타운 아이파크,20,37.645866,126.92739099999999
1253,은평구,937, 상림마을 롯데캐슬단지 옆,15,37.645851,126.923798
1254,은평구,956, 응암시장교차로,9,37.594376000000004,126.918159
1255,은평구,901, 응암동사무소,10,37.600975,126.926956
1256,은평구,931, 역촌파출소,10,37.604735999999995,126.91533700000001
1257,은평구,927, 연신내역 번출구 인근,10,37.617855,126.922523
1258,은평구,924, 메뚜기다리,15,37.628516999999995,126.929581
1259,은평구,952, 서울연신중학교,10,37.62265,126.925247
1260,은평구,921, 신도고등학교,10,37.630016,126.91902900000001
1261,은평구,966, 서울혁신파크,10,37.609032,126.93467700000001
1262,은평구,916, 평생학습관 앞,7,37.607849,126.92132600000001
1263,은평구,963, 대호프라자아파트,13,37.614429,126.932579
1264,은평구,949, 연신내역 번 출구 ,7,37.619781,126.92080700000001
1265,은평구,912, 응암오거리,10,37.589661,126.916946
1266,은평구,960, 구파발역 환승센터,15,37.638252,126.91945600000001
1267,은평구,946, 독바위역 ,10,37.618439,126.932884
1268,은평구,909, 백련산 힐스테이트 차,10,37.586994,126.922882
1269,은평구,958, 신한은행 응암동 지점 앞,13,37.600361,126.92281299999999
1270,은평구,943, 은평구청 보건소,10,37.602402000000005,126.92865
1271,은평구,905, 구파발역 번출구,11,37.636234,126.918999
1272,은평구,939, 은평구청 교차로,15,37.6017,126.92742199999999
1273,은평구,902, 진관동 은빛초등학교,10,37.643108000000005,126.918221
1274,은평구,935, 역촌역 번 출구,7,37.605202,126.92211200000001
1275,은평구,954, 은평뉴타운구파발단지,10,37.642609,126.92147800000001
1276,은평구,900, 은평예술회관,20,37.603943,126.927696
1277,은평구,933, LG서비스 역촌점,10,37.612484,126.914879
1278,은평구,930, 구 서부경찰서 건너편,7,37.601662,126.920303
1279,은평구,926, 불광역 번출구,8,37.611179,126.92966499999999
1280,은평구,922, 연신내역 번출구,10,37.617802000000005,126.921967
1281,은평구,968, 은평뉴타운 상림마을 단지,7,37.64209,126.92941299999998
1282,은평구,951, 연신내역 번출구옆,15,37.619305,126.920593
1283,은평구,919, 서울혁신파크,10,37.607025,126.933311
1284,은평구,965, 서울특별시 은평병원,10,37.593478999999995,126.92318700000001
1285,은평구,915, 증산역 번출구,10,37.584381,126.909897
1286,은평구,962, 은평뉴타운 힐데스하임,10,37.639259,126.918907
1287,은평구,948, 디지털미디어 시티역 번출구,10,37.577202,126.902351
1288,은평구,959, 구파발단지 인근,10,37.643661,126.91455800000001
1289,은평구,945, 기자촌 사거리,10,37.63414,126.93234299999999
1290,은평구,907, CJ 드림시티,10,37.599491,126.91686200000001
1291,은평구,942, 상림마을 생태공원,15,37.644081,126.92928300000001
1292,은평구,904, 은평뉴타운 푸르지오,18,37.648674,126.930702
1293,은평구,938, 금암 문화공원,15,37.644684000000005,126.918457
1294,은평구,934, 신사동 성당,15,37.597141,126.909599
1295,은평구,932, 예일여중,10,37.610003999999996,126.916397
1296,은평구,928, 은평역사한옥박물관,15,37.641315000000006,126.938042
1297,은평구,925, 불광역 번출구,8,37.609566,126.930977
1298,은평구,953, 서울연신초등학교,10,37.625778000000004,126.92881799999999
1299,은평구,967, 서울혁신파크,13,37.608909999999995,126.932419
1300,종로구,395, 경희궁 자이 단지,8,37.568855,126.964561
1301,종로구,362, 청계가 사거리,10,37.572224,127.022705
1302,종로구,328, 탑골공원 앞,11,37.570396,126.98818999999999
1303,종로구,358, 성대입구 사거리,13,37.5825,126.998535
1304,종로구,339, 종로가 사거리,10,37.571068,126.99819199999999
1305,종로구,349, 사직동주민센터,7,37.576332,126.96858999999999
1306,종로구,450, 효자동 삼거리,20,37.583603000000004,126.972549
1307,종로구,345, 서울보증보험본사 앞,15,37.573307,127.00071000000001
1308,종로구,306, 광화문역 번출구 앞,9,37.570808,126.97643300000001
1309,종로구,454, 종로가 버스정류장 (종각방향),13,37.570358,126.986382
1310,종로구,449, 일성아파트,10,37.608719,126.972862
1311,종로구,337, 창경궁 입구,5,37.578979,126.996475
1312,종로구,386, 올림픽기념 국민생활관 앞,10,37.590233000000005,126.99852
1313,종로구,344, 성균관대 E하우스 앞,10,37.574036,127.006721
1314,종로구,446, 상명대입구,10,37.600128000000005,126.95783200000001
1315,종로구,369, 광화문 시민열린마당,20,37.575493,126.9785
1316,종로구,340, 혜화동 로터리,8,37.585629,127.000679
1317,종로구,315, 신한은행 안국역지점 옆,9,37.57597,126.98306299999999
1318,종로구,364, 창신역 번출구 앞,8,37.579334,127.015083
1319,종로구,394, 경희궁 자이 단지,15,37.56749,126.965919
1320,종로구,361, 동묘앞역 번출구 뒤,10,37.573242,127.01590700000001
1321,종로구,356, KT혜화지사 앞,15,37.577145,127.00206000000001
1322,종로구,314, 국립현대미술관,10,37.579708000000004,126.98085800000001
1323,종로구,461, 서울지방경찰청,10,37.574364,126.972366
1324,종로구,342, 대학로 마로니에공원,10,37.579784000000004,127.00253300000001
1325,종로구,397, 종묘공영주차장 건너편,13,37.570479999999996,126.99663500000001
1326,종로구,458, 광화문역 번출구,11,37.569939,126.977539
1327,종로구,303, 광화문역 번출구 앞,8,37.57177,126.97466299999999
1328,종로구,354, 포르투갈 대사관 앞,10,37.579155,126.98896
1329,종로구,456, 숭인동 주민센터 입구 (이강대냉면),10,37.574471,127.019829
1330,종로구,353, 재동초교 앞 삼거리,8,37.579388,126.98494699999999
1331,종로구,453, 종로오가 지하쇼핑센터 번출구,10,37.57114,127.000671
1332,종로구,341, 혜화역 번출구 뒤,10,37.58157,127.00178500000001
1333,종로구,326, 안국역 번출구 앞,19,37.576240999999996,126.98616000000001
1334,종로구,352, 중앙고입구 삼거리,15,37.583416,126.98523700000001
1335,종로구,385, 종각역 번출구,10,37.569835999999995,126.982658
1336,종로구,302, 경복궁역 번출구 뒤,12,37.575947,126.97406000000001
1337,종로구,305, 종로구청 옆,16,37.572582000000004,126.97835500000001
1338,종로구,329, 청계가 사거리 옆,8,37.568344,126.98789199999999
1339,종로구,368, SK 서린빌딩 앞,12,37.569247999999995,126.98053700000001
1340,종로구,363, 신설동역 번출구 뒤,10,37.575759999999995,127.02283500000001
1341,종로구,308, 광화문 S타워 앞,10,37.569969,126.97393799999999
1342,종로구,343, 예일빌딩(율곡로) 앞,12,37.575432,127.00498200000001
1343,종로구,393, 동대문역 번 출구,10,37.570141,127.009377
1344,종로구,359, 원남동사거리,8,37.576060999999996,126.997681
1345,종로구,301, 경복궁역 번출구 앞,16,37.575794,126.971451
1346,종로구,304, 광화문역 번출구 앞,7,37.572113,126.977577
1347,종로구,335, 종로가역 번출구 앞,10,37.570198,126.991257
1348,종로구,307, 서울역사박물관 앞,11,37.57,126.9711
1349,종로구,327, 낙원상가 옆,10,37.573357,126.98746499999999
1350,종로구,355, 서울사대부속초교 앞,15,37.576508000000004,127.002457
1351,종로구,451, 청와대앞길,13,37.583515000000006,126.97966799999999
1352,종로구,334, 종로가역 번출구 뒤,10,37.570599,126.99179099999999
1353,종로구,457, 종로꽃시장 입구 옆,10,37.57132,127.00721000000001
1354,종로구,338, 세운스퀘어 앞,18,37.570957,126.997124
1355,종로구,455, 삼익한의원,8,37.570961,127.00605800000001
1356,종로구,388, 동성중학교 앞,10,37.585735,127.00161000000001
1357,종로구,452, 동대문 종합시장 버스정류장,13,37.571239,127.00441000000001
1358,종로구,316, 종각역 번출구 앞,12,37.570396,126.98178899999999
1359,종로구,351, 청운초교 앞 삼거리,8,37.585079,126.970619
1360,종로구,447, 신영동삼거리,10,37.603992,126.961945
1361,종로구,309, 광화문역 번출구 옆,13,37.569889,126.976456
1362,종로구,348, 독립문역 사거리,14,37.572029,126.96078500000002
1363,중구,312, 시청역 번출구 뒤,7,37.564674,126.97673799999998
1364,중구,318, 광교사거리 남측,10,37.568527,126.982552
1365,중구,332, 을지로가 사거리 남측,5,37.56599,126.987793
1366,중구,399, 서울역 센트럴 자이아파트,15,37.554482,126.96608700000002
1367,중구,346, 맥스타일 앞,10,37.569183,127.00988000000001
1368,중구,383, 신당역 번 출구 뒤,17,37.565849,127.016403
1369,중구,380, CJ제일제당 앞,8,37.563866,127.002747
1370,중구,313, 서울역 광장 파출소 옆,5,37.556961,126.97177099999999
1371,중구,390, 충무로역 번출구,10,37.56139,126.995354
1372,중구,377, 서울역 번출구 앞,10,37.557217,126.97300700000001
1373,중구,374, 청구역 번출구 앞,10,37.560474,127.014076
1374,중구,371, 동대입구역 번출구 뒤,10,37.558871999999994,127.00553899999998
1375,중구,322, 명동성당 앞,15,37.564476,126.98696899999999
1376,중구,430, KEB하나은행 장충동지점,8,37.562172,127.00626399999999
1377,중구,311, 서울광장 옆,35,37.566612,126.97747
1378,중구,398, 을지로가역 번출구,9,37.566559000000005,126.99243899999999
1379,중구,320, 을지로입구역 번출구 앞,20,37.566223,126.983589
1380,중구,300, 정동사거리,7,37.56805,126.96923100000001
1381,중구,382, 약수역 번출구 앞,7,37.555199,127.010048
1382,중구,379, 서울역번출구,7,37.556,126.973358
1383,중구,310, 청계광장 옆,10,37.568878000000005,126.97747
1384,중구,391, 정동길입구,8,37.565437,126.97330500000001
1385,중구,389, 을지로가역 번출구,10,37.56673,126.996605
1386,중구,330, 청계천 한빛광장,10,37.568165,126.984978
1387,중구,375, 다산 어린이공원,8,37.563717,127.018425
1388,중구,373, 청구 어린이공원,8,37.555859000000005,127.013855
1389,중구,370, 시청역(호선) 번출구 뒤,8,37.563229,126.97483799999999
1390,중구,336, 티마크 호텔 앞,10,37.562618,126.99283600000001
1391,중구,347, 동대문역사문화공원역 번출구 앞,18,37.565331,127.007843
1392,중구,431, 청계천 영도교,15,37.5709,127.019524
1393,중구,429, 송도병원,8,37.549889,127.007347
1394,중구,321, KEB 하나금융그룹 명동사옥 옆,15,37.565464,126.98413799999999
1395,중구,324, 신세계백화점 본점 앞,10,37.56134,126.9804
1396,중구,384, 종로학원본원 ,10,37.559779999999996,126.968506
1397,중구,381, 장충체육관,10,37.558533000000004,127.00698899999999
1398,중구,378, 청계가 사거리,10,37.569805,127.016953
1399,중구,387, 훈련원공원주차장 앞,10,37.566994,127.003464
1400,중구,372, 약수역 번출구 뒤,10,37.554295,127.0112
1401,중랑구,1406, 망우청소년수련관,10,37.606251,127.10826899999999
1402,중랑구,1403, 중화빌딩 앞 (동부시장),15,37.59425,127.076576
1403,중랑구,1448, 코스트코 상봉점,15,37.597321,127.089798
1404,중랑구,1438, 홈플러스 신내점 앞,15,37.616169,127.093483
1405,중랑구,1445, 용마지구대,10,37.579941,127.079399
1406,중랑구,1451, 중랑세무서,10,37.592758,127.07267
1407,중랑구,1430, 중랑구청,20,37.606152,127.092598
1408,중랑구,1435, 능산삼거리,15,37.608681,127.100792
1409,중랑구,1442, (구)신한은행 중랑교지점,8,37.598591,127.079819
1410,중랑구,1401, 극동늘푸른아파트,15,37.614738,127.07636299999999
1411,중랑구,1427, 용마산역 번출구,10,37.574298999999996,127.086914
1412,중랑구,1414, 사가정역 번출구,10,37.581646,127.08843200000001
1413,중랑구,1422, 신내우디안아파트 단지,10,37.620098,127.10646100000001
1414,중랑구,1441, 신내능말공원,15,37.616710999999995,127.11073300000001
1415,중랑구,1413, 봉화산역 번출구 뒤,10,37.617561,127.090309
1416,중랑구,1453, 중랑캠핑숲,9,37.604603000000004,127.10925300000001
1417,중랑구,1410, 면목 대원칸타빌아파트,10,37.577782,127.09018700000001
1418,중랑구,1458, 상봉터미널,9,37.59734,127.09308600000001
1419,중랑구,1408, 먹골역 번출구 앞,10,37.610721999999996,127.077477
1420,중랑구,1405, 망우역 번출구,10,37.599098,127.092949
1421,중랑구,1404, 동일로 지하차도,10,37.595299,127.080032
1422,중랑구,1447, 면목역 번출구,15,37.588902000000004,127.08728
1423,중랑구,1433, 중화역 번출구,10,37.602077,127.079582
1424,중랑구,1437, 늘푸른공원 앞,15,37.583420000000004,127.079926
1425,중랑구,1444, 면목치안센터,10,37.574028000000006,127.08054399999999
1426,중랑구,1450, 화랑대역 번출구,10,37.619625,127.08501399999999
1427,중랑구,1429, 장안중학교,15,37.599957,127.08000200000001
1428,중랑구,1434, 홈플러스 면목동점,15,37.579868,127.08236699999999
1429,중랑구,1416, 상봉역 번출구,10,37.595219,127.085999
1430,중랑구,1425, 용마문화복지센터,10,37.58746,127.09597
1431,중랑구,1411, 상봉시장앞 교차로 한성빌딩 앞,10,37.592541,127.086739
1432,중랑구,1407, 먹골역 번출구 뒤,10,37.611511,127.07788799999999
1433,중랑구,1421, 신내역 번출구,20,37.612460999999996,127.103378
1434,중랑구,1418, 새솔초등학교,15,37.617989,127.110542
1435,중랑구,1412, 면목초등학교,10,37.590961,127.08706699999999
1436,중랑구,1457, 동원사거리,10,37.58976,127.09323899999998
1437,중랑구,1455, 상봉역 번 출구,10,37.596329,127.085899
1438,중랑구,1446, 중랑전화국 교차로,10,37.591301,127.08033
1439,중랑구,1452, 겸재교 진입부,15,37.585654999999996,127.07505
1440,중랑구,1402, 금란주차장 앞,10,37.600071,127.102333
1441,중랑구,1431, 중랑구청 사거리,10,37.606499,127.095451
1442,중랑구,1436, 영풍마드레빌,15,37.605881,127.100632
1443,중랑구,1443, 구립망우청소년독서실,10,37.59552,127.098778
1444,중랑구,1449, 상봉역 번출구,15,37.596558,127.085838
1445,중랑구,1428, 원묵고등학교,10,37.616023999999996,127.085968
1446,중랑구,1426, 면목도시개발아파트 동 앞,15,37.573589,127.086823
1447,중랑구,1424, 양원역 번출구,10,37.606312,127.10774199999999
1448,중랑구,1420, 신내어울공원 앞,15,37.614231,127.096764
1449,중랑구,1440, 하나은행 면목지점,10,37.586372,127.08006999999999
1450,중랑구,1454, 한국전력공사(동대문 중랑지사),10,37.607349,127.07858999999999
1451,중랑구,1459, 용마한신아파트사거리,10,37.580349,127.092651
1452,중랑구,1456, 상아빌딩(우림시장 교차로),10,37.595112,127.10032700000001
